ISBN,Grade
906332,3
987993,2
918261,10
900789,6
908175,7
997508,10
916776,1
921531,1
967966,2
908339,3
949871,9
936020,3
926756,7
930665,1
943410,1
930190,5
983301,1
967074,3
928936,1
904885,5
941150,3
944795,8
963321,3
903440,9
999443,9
973354,9
965931,6
968450,2
996193,3
939549,3
967074,2
959017,2
903742,0
983124,3
942131,4
979148,7
914887,4
945120,2
943284,2
953299,4
976227,5
935613,3
926197,7
960781,6
980169,7
946898,3
926259,3
975547,4
941496,6
981534,10
998606,0
987547,6
906412,0
933321,5
940100,10
965895,8
919911,5
939003,7
965195,4
954963,10
980640,5
925486,6
926420,8
964898,3
923160,7
950551,9
981942,7
996325,7
955166,10
902277,5
927108,7
917604,4
964418,7
968909,7
981105,5
935946,4
955945,3
900628,8
986701,10
901146,6
919716,6
944307,0
917303,8
933585,6
938146,6
979214,1
988243,9
920671,4
930187,0
962196,1
980640,7
907242,7
910507,4
905771,2
907176,0
981219,10
991628,3
920957,4
912074,3
999443,4
991199,10
963582,4
907142,6
907645,10
951529,10
990935,3
950494,2
950607,2
948645,9
956277,6
980491,5
920402,4
901275,1
955421,7
977470,4
994054,8
969279,5
956892,1
903090,7
923387,8
966256,1
973799,10
958107,10
983301,5
928254,7
941496,3
977226,2
929746,3
926763,1
902406,2
931806,7
923417,10
976615,1
920675,10
906580,10
965931,8
909878,9
920746,5
975902,4
900789,9
954636,1
970914,5
997307,0
991082,3
930554,5
956342,3
938862,5
951148,8
930471,6
947823,4
930554,3
907212,9
976227,10
921723,5
966578,7
966256,7
969541,0
937107,0
931806,2
934323,10
958505,10
904424,7
912916,10
948583,5
908485,1
910871,0
954793,5
982532,2
936621,5
939236,6
920957,9
950221,10
970022,1
954980,0
997012,10
956892,7
963827,0
970222,2
923560,2
988890,10
931447,0
917634,4
951027,10
991199,3
954963,9
900045,2
964929,3
943410,2
938065,1
955421,6
911488,1
908485,9
945791,7
938656,8
936595,7
999085,8
993687,10
965779,3
920746,2
981105,10
992399,3
990046,10
936139,5
981942,6
976384,7
907142,6
979214,5
906332,3
925105,9
969279,10
959389,6
971038,1
912618,3
948538,8
990935,7
931901,10
915077,4
985060,2
925573,3
986192,4
982377,8
988331,7
933914,4
929242,6
968450,5
965779,5
995777,9
995777,9
920516,8
916638,4
990993,5
925573,3
903437,6
937645,4
973868,8
924982,8
933902,4
954539,0
985585,7
933321,2
970869,2
907142,4
932255,8
950221,6
997728,6
945473,3
956892,7
907242,9
986433,4
937286,9
935872,2
935624,9
985386,8
968932,10
996332,2
913389,6
944411,5
987733,5
944772,2
932331,7
907176,8
908219,9
905892,2
932255,7
900962,2
991468,4
904941,1
959764,8
937107,9
929242,8
927108,8
929879,1
901146,1
946960,0
938155,0
993900,4
973270,8
950551,7
915110,1
961838,7
997012,2
996193,2
908532,9
976227,7
935878,6
937559,9
972353,1
948116,9
965545,5
976575,8
913761,3
983350,5
923160,5
901618,6
961199,7
901275,3
963754,9
922463,7
980779,6
960075,10
900962,4
915162,9
906119,9
965195,7
920402,9
958304,4
952726,2
970843,7
922344,8
901275,2
982532,4
946262,10
970844,1
925317,7
914456,2
964594,4
900628,10
985060,7
945100,7
975902,9
988828,3
908175,6
937645,6
917770,10
989138,5
936621,2
994610,9
983301,0
910281,7
940225,9
955044,1
951686,4
931240,4
953114,7
908403,5
983581,5
925313,6
971038,3
979375,0
934565,7
986433,3
951419,0
994465,7
950551,6
980244,5
946898,4
983581,6
969278,2
996325,9
964405,6
992917,2
997307,1
942131,3
982478,9
920402,5
981219,1
976322,9
994037,9
903314,2
957859,2
931343,10
913502,10
991753,6
969015,10
977264,5
971846,0
968242,1
974591,8
975552,9
919486,8
928936,9
994103,7
958506,3
901868,6
969700,1
954615,2
922184,4
952873,3
990408,4
957309,2
972710,10
989985,4
997175,1
923387,8
907212,6
905539,0
906580,1
926259,3
954794,2
959793,6
931901,4
985865,9
919648,3
933914,6
904522,5
936316,7
994103,8
984318,0
905272,9
904424,1
926328,4
914246,9
958253,1
958203,2
927410,9
935878,3
972872,4
988828,2
942503,6
991082,7
958107,3
974530,1
981534,10
970222,3
939260,5
956453,8
936020,10
951148,0
965655,1
925517,7
931901,9
919942,0
997953,5
925326,10
980244,8
917078,8
934759,2
918505,0
943284,10
975178,0
920747,8
930125,3
922024,9
982478,1
902078,7
934331,0
926259,5
929909,8
954980,4
988426,2
967977,8
930665,0
988598,8
987266,10
915458,4
908209,4
976077,5
954539,0
972302,8
901868,8
995478,2
933585,6
968450,0
925317,6
964929,8
928936,9
997902,9
921010,8
976077,2
990746,5
935878,3
923766,4
947823,3
918223,2
940216,9
939549,7
935368,0
925101,8
956892,10
944058,9
995600,3
944307,5
930618,5
991666,6
936621,4
938431,5
955166,9
920915,8
926328,1
921910,3
980075,1
903307,8
968579,0
939236,7
945668,3
937743,6
913412,10
996061,2
969700,7
936595,0
990653,6
935946,10
962141,1
943078,0
957964,10
952936,8
905236,6
972732,5
965655,0
969015,9
932437,8
984516,2
901618,7
907142,1
990784,7
972465,3
965545,3
928011,9
979065,1
905892,5
970843,7
903742,2
937559,1
958643,9
990746,6
935771,7
984618,8
996061,3
921723,9
978775,9
984516,10
955545,2
931382,10
908341,3
985865,6
951419,3
985823,0
944307,8
993687,3
922024,3
921531,3
916267,3
927745,1
990945,0
964478,10
952936,9
982377,6
977329,9
941150,4
980779,4
982903,7
984516,10
930124,3
979965,0
997307,0
954539,1
991753,5
926545,9
983961,5
906119,1
934266,10
922560,2
963726,3
948583,1
964418,4
976322,6
959764,0
921791,5
925394,9
988598,5
995033,7
979965,0
997175,1
983942,10
915613,1
931773,5
994605,7
979842,9
936448,3
955985,5
997307,2
907386,1
913041,4
979089,9
964560,8
947212,3
997115,6
973354,6
938887,8
929242,9
906772,4
983301,10
942691,1
936316,5
954296,2
910725,9
994605,4
935368,4
970986,7
962196,9
932437,7
929879,6
968932,9
978274,3
966076,9
906412,7
997175,10
987554,10
985506,3
924743,8
935613,8
957309,7
972732,1
932901,2
981534,1
924225,3
973988,3
975719,10
981728,2
906412,6
913621,10
915162,1
951209,0
920747,7
933902,3
903456,9
923417,4
983581,9
910845,8
977329,7
935810,1
986433,10
964711,6
922463,3
946838,6
964810,10
900733,7
936595,1
968593,5
988890,1
961838,6
930593,8
904424,2
918256,8
901146,7
944058,2
933947,2
926197,3
904885,10
910380,7
986192,5
976322,8
918256,2
977458,2
915162,10
996193,6
940932,0
953299,5
980961,1
973453,0
931399,4
990408,5
954980,8
919536,2
936316,5
920671,4
972963,4
923723,6
988890,9
948114,7
999395,8
912074,3
969448,0
941150,8
928739,6
981219,0
907071,3
903083,7
953863,6
908175,5
953554,2
937559,5
948116,1
903437,1
917604,5
975810,7
994252,3
908339,7
971963,8
937559,4
971846,7
925035,1
947913,4
931386,2
910870,1
972710,6
979343,10
998491,0
958506,2
901868,5
924848,7
930665,8
959389,0
994305,7
973799,1
926259,7
935872,2
956093,1
914820,5
915303,7
989777,0
933902,4
965655,3
948113,1
979965,10
913508,4
905170,0
921055,3
933902,7
951562,0
903046,8
948116,5
943284,10
965289,0
979148,9
920402,0
981622,5
986969,3
937762,0
955493,0
968758,2
991628,6
958506,8
947654,3
987026,4
957309,5
973782,3
905173,5
974591,4
935043,0
951491,10
985439,3
964594,10
967956,7
966578,2
933756,10
913621,6
925486,0
994305,8
950607,4
947914,3
908341,1
915162,10
997802,8
932571,3
996893,1
930618,7
985013,4
917078,9
930191,1
976615,2
984924,6
912560,0
913761,6
930187,10
936139,8
955421,1
929816,7
975547,8
966072,0
961891,4
910845,7
956225,6
984445,1
964405,7
944119,3
901275,1
908341,7
968932,3
930593,7
994689,5
911797,2
903520,8
969092,3
963124,3
944575,0
999101,8
923160,0
932437,2
961838,9
998182,10
986192,7
915077,1
980013,6
900045,9
931447,0
920675,10
931267,5
981942,9
985752,0
932255,7
972481,5
985585,6
957497,4
908209,5
969279,4
915613,8
974530,9
952191,4
972435,5
979089,2
991753,2
965656,1
980407,4
900962,5
994103,5
909776,7
905236,9
967966,10
901426,10
925934,9
972411,2
922764,5
903307,9
934323,7
972347,4
903456,8
938572,1
907242,9
917853,4
997012,6
981589,9
909776,3
994655,6
920516,10
918261,5
905959,5
991958,0
941378,9
902078,1
979375,9
925237,1
986192,8
981622,4
929879,2
903742,1
900459,2
984841,3
983515,6
987687,9
912535,5
988830,10
948583,0
929290,1
958253,8
969015,10
907804,9
998491,8
951419,5
910444,7
984318,4
991083,9
946898,2
933585,1
967476,6
904165,6
999443,3
964898,2
988426,8
900733,0
916776,5
995267,3
919138,6
964560,8
996946,2
944085,1
940002,8
965931,3
997368,5
958203,1
966076,7
992888,2
963582,7
911797,9
994142,7
933884,10
994610,8
920378,1
939592,0
913412,3
951419,2
904789,9
905273,1
916267,1
922361,4
991666,4
922361,2
947408,8
994605,3
957309,3
923560,6
999642,9
978777,2
977552,5
977719,1
964929,1
954963,6
908341,0
994252,1
984826,3
917303,6
981534,8
994794,7
981534,8
952781,8
908403,9
972353,0
971758,0
982532,8
942131,4
920419,8
997307,2
965656,1
903090,0
967977,9
987993,8
934357,0
996325,3
988243,1
979065,4
913374,4
927900,10
956342,4
916638,0
970844,7
936448,9
970367,8
925035,10
965311,5
920126,10
933884,0
946262,1
972096,5
964478,6
900962,6
976575,0
917770,7
926197,3
930618,8
956225,10
963321,7
938058,2
922988,0
977470,1
903090,3
990611,8
930190,2
937559,0
975547,2
979375,10
964560,2
939592,5
901146,7
904829,2
911639,5
991120,2
974851,4
904424,10
940932,1
989430,8
934331,10
923766,10
992257,2
935810,6
934713,8
987266,9
934713,3
911959,8
950045,3
903385,4
985745,6
930138,1
976234,10
985257,6
975810,7
925317,5
959017,4
999549,4
991497,2
985369,5
913918,10
995777,2
920919,3
935771,1
939592,3
979065,10
902205,7
978274,3
906844,1
980988,2
925934,5
927745,5
919911,1
910505,2
939227,7
992354,6
904885,5
979089,4
947701,7
924225,2
929476,6
930190,4
969092,10
987687,10
999642,8
972963,3
945120,0
948538,2
924982,5
964707,9
956245,3
937368,0
916692,7
975266,8
984930,3
916692,8
954615,8
955196,6
931267,0
987554,2
966482,7
951148,1
968242,7
959703,2
990945,6
971963,3
980407,8
993900,9
990938,5
931901,7
919486,10
925326,2
930471,3
979187,5
910380,6
903520,2
967977,5
986433,0
934758,0
903046,7
984318,4
961838,4
996061,3
956342,10
966969,7
947914,5
990812,4
912916,6
940536,2
975510,4
940225,5
985808,0
994689,2
996774,2
932461,5
910845,8
938851,1
936595,5
963231,10
964405,1
940741,9
934565,4
930653,5
915396,10
964405,8
914027,6
902277,8
929476,0
902767,1
956865,4
926756,7
905771,1
930124,0
984841,10
940216,7
988830,0
954980,2
921055,6
992026,9
986833,3
973782,5
938887,6
933004,3
957497,3
978852,9
904424,6
972435,0
963321,9
907386,5
905170,10
960075,2
935624,4
904165,10
924982,5
980491,3
955196,5
934331,6
977264,10
913632,4
900488,1
911639,1
900045,6
956342,9
903046,6
956865,10
963582,8
933658,2
968758,9
997802,0
988331,7
954980,5
927900,4
971038,2
970196,0
910598,10
962141,7
952127,8
981728,10
971963,8
922529,8
965368,0
933321,2
901552,2
963827,0
926328,8
965931,10
959703,1
934331,1
911797,4
926197,2
984102,9
964711,3
996489,2
985439,3
997728,9
909766,6
901275,7
984516,6
919536,2
919662,1
906772,5
916333,9
923417,3
972793,6
989985,4
923766,2
911993,5
945473,1
964707,9
994465,3
996946,10
970880,1
985865,4
955493,2
941378,5
986701,9
918608,9
909244,6
914485,9
967476,3
985257,2
916295,4
922155,10
905293,8
917634,3
979965,0
903732,3
906287,5
903307,7
909766,5
920468,8
951571,7
969092,2
912535,4
923160,3
980961,9
943284,6
904915,4
970196,7
992399,6
919911,2
912209,9
994305,7
994581,9
958315,5
925354,6
915700,2
946838,8
944119,0
975810,9
994655,6
944307,1
972732,1
960567,10
919050,1
931399,9
974591,8
911488,8
989985,3
955421,0
930494,6
933884,6
966256,9
964405,6
916954,6
952781,9
929879,10
916954,8
930191,3
996193,8
915458,2
954980,8
921764,7
908532,5
914820,7
964418,6
985444,8
955691,9
932571,7
985444,5
972601,6
915023,8
904424,0
900628,4
902997,8
920419,5
951027,0
933924,8
999549,5
951529,4
931806,4
925934,8
969448,8
973799,9
996332,3
983124,1
903307,2
944320,0
903732,5
901337,6
930593,2
915770,5
960483,7
921764,4
904885,9
938065,8
943078,9
945791,2
931145,4
994465,4
948841,8
976575,1
913374,7
988735,8
916086,10
928011,4
944411,3
982049,3
978775,6
994794,8
976575,5
951716,9
963726,5
965779,9
944307,5
981589,7
935771,3
920468,10
919137,6
936316,4
904424,1
912209,0
910871,8
971975,7
954980,2
914027,6
996774,4
917634,8
905959,5
959793,4
940479,1
994305,10
952873,9
935878,0
982532,2
912074,9
900962,6
956892,7
902277,6
998182,10
995033,9
987687,5
972793,10
940161,1
933902,4
929568,4
928254,3
959017,1
944486,1
992257,9
916692,7
923364,8
976322,2
921972,2
968932,3
961891,4
966267,6
985506,6
975552,10
928011,1
939236,4
913389,10
920957,5
993507,9
954793,4
942691,8
966969,7
991666,1
920297,7
940741,2
911959,4
909834,2
997688,5
999642,6
963582,3
922085,10
907212,8
996061,8
920126,6
982377,7
911122,3
915077,0
921791,8
972601,2
979089,0
913918,5
915023,3
933321,9
931386,2
911122,1
948839,10
912209,6
958650,0
915364,6
956071,4
901337,8
959659,7
998182,5
941496,10
964478,2
971251,7
930190,7
952936,1
987649,9
917770,0
974065,5
991738,2
904789,7
918223,10
943284,10
934565,10
982377,10
958107,1
958650,3
955985,5
920747,4
905959,10
976926,4
983301,9
907645,5
913502,3
930124,0
902205,8
941378,7
958505,1
958107,0
909085,4
987104,9
990746,8
989430,2
915364,7
965895,4
923649,2
942691,2
926259,5
954636,5
979842,2
954727,4
934331,8
902997,0
918608,8
981105,6
985441,10
999719,8
931677,4
957859,7
920703,7
985013,7
936139,4
911959,0
942167,5
906725,6
985439,6
975810,6
971386,4
929879,7
904165,6
905272,6
950494,6
911959,2
958708,6
905170,8
954615,10
926259,6
994302,4
966256,4
988243,3
910505,8
904941,0
977542,2
976227,1
985257,2
906725,4
985386,6
929909,1
916333,7
921791,9
934122,10
999549,8
933756,1
935872,7
972465,9
968579,4
923560,7
910380,10
930618,8
915023,0
997175,6
939036,3
923723,6
964594,8
985808,7
922165,6
994142,8
954890,10
996489,4
913632,5
969092,3
955552,9
998606,1
907202,1
915010,1
982532,4
904679,1
906412,0
999443,0
905293,0
950607,5
934266,10
951148,1
942094,4
921764,5
959017,9
999443,0
925394,0
939236,8
922361,10
907904,4
904727,8
961199,6
964560,10
970367,7
964402,3
904679,6
900459,3
941941,2
926763,3
929816,4
983101,5
997508,7
919911,0
994305,0
953224,10
908209,0
985745,8
991753,10
939549,0
974065,4
926976,9
976926,0
973354,10
996061,8
975552,7
991367,1
936020,7
920402,7
910505,2
954279,7
948645,1
995074,6
912916,8
962633,10
911993,3
972347,6
970367,10
944772,2
915613,9
983101,3
943078,2
975547,1
930125,0
915010,6
976575,9
993900,3
903234,2
929568,0
922764,6
903858,4
996489,6
921972,7
975178,1
951491,9
983581,0
999007,3
948376,2
911797,0
907202,9
955691,0
988735,9
902347,6
947701,7
935624,7
993900,10
958203,1
938310,3
986969,7
970581,4
943078,5
905819,3
921972,9
996325,1
990993,1
970222,2
976545,2
964711,5
985013,9
921531,8
915162,5
915023,1
990746,5
904915,1
908219,1
971679,10
931677,8
981942,4
912544,9
977458,7
951716,6
977719,7
902791,3
938572,10
948583,3
984930,5
997012,1
915379,9
984318,9
991082,6
916776,7
990938,7
968450,4
965368,8
957612,6
984336,0
994632,10
911488,7
952781,2
926976,4
948841,4
937743,1
940161,5
955421,7
965219,7
907642,5
974530,7
989777,2
920419,1
951529,6
974065,8
915700,2
903046,4
940225,8
950607,2
962141,7
915077,5
922764,9
977542,6
920746,9
903314,9
922361,4
958304,1
925326,7
900488,7
945791,6
937638,7
987733,3
922361,5
985441,10
938431,8
979343,2
921910,5
976322,0
937762,2
933585,3
916333,9
942503,1
901868,7
919240,8
915077,0
957309,1
931821,4
994655,1
908209,9
968909,8
972872,6
969754,7
911993,5
912535,8
919240,7
920196,2
977719,4
990611,3
983515,6
931821,0
985441,8
982478,1
992045,2
991666,1
904727,8
993507,4
957849,3
937559,7
977306,3
905858,9
983942,4
970625,8
975547,2
944795,6
970986,6
952781,10
965219,9
903044,4
982903,2
999007,2
970986,4
958505,1
990046,0
947408,4
916267,3
905959,8
903090,5
986701,5
911122,7
906712,9
992888,8
908341,1
914499,8
930187,8
991082,7
955196,5
929242,0
991083,10
903437,10
964594,7
941150,2
927900,10
993833,1
933914,4
992257,9
972353,6
935810,0
946262,5
902767,8
912074,7
975902,1
973453,2
987547,5
975266,5
908532,0
975510,5
906332,9
923297,3
902277,6
967476,3
964298,6
922463,8
919050,10
996325,8
984200,6
972435,10
947823,8
947628,1
936448,8
971634,1
997599,3
963726,10
944119,7
902205,0
920957,1
943774,10
954890,6
962633,2
955545,6
993900,10
976615,7
904679,9
999395,0
912560,1
914887,8
996766,10
923387,2
988890,5
920516,8
905173,4
934758,3
905173,6
925517,8
976077,10
989777,6
952127,10
907904,0
991468,3
956105,3
930191,4
966072,3
980013,3
992888,10
948113,4
921055,6
912074,8
914027,2
909766,4
994103,3
970869,10
938648,9
925934,1
981219,0
938310,2
967966,4
915010,2
995964,0
980988,6
926756,5
995478,8
964594,9
989777,8
919658,8
932677,3
911959,6
936595,8
937107,5
920126,9
977542,8
977552,2
921764,10
935613,10
992888,6
969448,7
969060,3
916954,2
929136,3
981534,10
918223,9
973799,6
925035,7
930191,6
999101,5
954546,1
918505,4
916086,8
913041,9
954963,10
959017,7
937559,10
993687,6
908219,6
905668,10
948116,4
908209,6
910870,5
953224,9
954296,5
903044,0
919137,9
940225,9
969015,0
903234,0
969565,10
951419,1
998266,7
985441,8
910444,3
925573,9
903437,0
923036,0
973270,6
951562,3
969015,8
920915,7
925317,2
981728,10
961891,9
955945,4
915770,2
994605,4
976575,5
940100,1
913502,10
970843,6
976227,4
994610,3
985865,9
991468,9
965545,10
958643,3
953224,3
948583,9
995964,8
994822,7
994632,6
931447,10
912618,1
994822,8
950045,6
996946,7
926259,6
939227,1
955091,1
982788,3
922529,0
947914,7
982377,7
932461,2
981487,10
952967,7
968450,10
994689,4
928567,3
992257,9
907176,7
935613,10
951562,7
968370,0
988287,2
972347,5
932437,4
937638,5
935872,1
935872,5
904762,9
945940,10
985439,10
934357,2
996193,2
976384,1
925237,3
931399,7
975719,10
969279,1
913502,2
920126,4
991206,2
981105,0
950607,4
961838,8
919648,3
994794,0
981846,3
980169,10
972963,7
929909,8
915110,9
941496,0
930653,0
960502,9
972096,0
970914,6
960751,8
910870,10
900459,7
980169,8
930618,1
910281,1
917770,3
944772,4
995478,9
915023,5
967120,2
973782,8
965656,3
992078,9
963124,0
963754,9
902406,4
934266,1
944687,1
991753,9
973782,10
955691,2
982903,9
952127,9
906766,7
977306,4
988287,4
958505,2
907645,9
905892,3
925313,10
908175,2
916568,7
969279,4
984336,4
937559,7
991497,10
984924,10
937368,2
998266,4
975719,7
969015,9
952127,3
966072,3
998789,5
990935,5
902767,4
932571,9
947823,7
913615,9
939592,10
954727,2
923411,9
937645,5
987993,9
911639,1
951686,5
971679,2
981880,10
909878,2
990945,1
970844,2
902169,1
907142,6
913508,8
920671,2
970022,0
975188,8
901989,9
982478,9
912544,9
954296,7
972302,7
954279,8
914027,9
966969,9
938155,2
919942,7
913389,7
935878,10
911797,2
913761,9
972302,7
948376,2
977552,8
913615,7
905668,2
911488,0
994655,4
910507,1
977719,9
925802,9
940225,6
977329,8
935771,9
947701,2
903858,4
934266,0
921553,1
952936,3
938146,9
980640,1
926976,8
980640,3
918261,4
966256,8
998738,0
975188,0
910718,10
921553,3
971634,9
990046,10
976322,6
905273,1
970844,2
950551,9
908209,8
982788,4
942167,6
985823,7
988598,3
932571,10
989957,8
929909,0
992384,8
969700,9
941150,7
958708,3
920957,2
919911,5
904051,8
930653,0
983928,2
905890,2
939236,10
930593,1
991083,8
912074,5
909834,8
914499,6
914456,6
905771,9
972710,7
965289,0
903234,10
943017,2
966682,6
936352,0
999443,3
905890,9
992257,3
924225,1
939236,5
994605,0
990993,2
972481,9
920378,6
970625,3
908341,4
929909,3
922635,1
955691,9
944058,9
999395,2
975178,10
914887,10
927108,0
939592,1
956225,4
988243,4
986596,4
942167,4
903385,8
937286,9
940216,1
944307,5
910699,1
933924,5
936448,7
994822,1
971634,9
933658,2
945263,0
937368,1
972796,1
929136,8
952967,5
968932,4
961891,6
945120,5
911797,8
945668,8
920915,5
924743,9
939227,1
945120,7
926756,3
940216,1
926197,0
932437,6
976077,10
900628,9
936714,8
939592,0
983301,10
951959,10
962633,6
933321,4
916638,4
994400,1
913334,10
904679,3
971251,2
937645,5
906725,9
904366,4
958253,8
970843,3
920746,2
972601,0
933902,2
995033,1
910281,7
992888,2
964707,7
999101,3
994302,3
983971,3
939260,6
980169,3
978305,4
922635,1
936020,7
914246,1
903234,7
985439,1
945940,9
973354,3
940741,1
944411,4
985013,8
985060,10
985257,3
965335,4
923766,10
908339,5
903520,0
910871,2
964560,2
942691,10
936595,9
985823,7
938146,8
994689,9
934323,0
938058,6
990784,2
958308,5
912544,4
973270,9
987026,10
964898,8
971758,6
983515,3
926756,4
955196,6
908485,2
974008,5
958650,10
967476,2
947529,9
931382,5
969448,1
971508,8
983928,3
928047,1
903732,3
920402,6
994605,3
964405,3
901275,3
997902,0
910444,7
972465,0
979214,7
966076,0
936621,0
944999,5
986508,2
906412,7
965219,7
937743,7
977306,6
908470,1
988331,0
920746,3
955545,10
933902,3
938648,10
917303,4
974182,2
910845,7
900933,1
976926,7
969754,5
992888,9
982903,6
999455,4
991497,3
906107,9
929836,7
933321,10
910507,9
948841,8
905858,0
971758,9
954890,10
980407,9
965368,7
919662,10
915364,10
925802,3
932571,9
977458,0
954539,9
925354,5
987554,3
951209,4
980640,9
909776,2
907176,0
935878,8
994302,9
936595,3
954539,6
966936,0
915077,3
908436,10
902997,10
936448,1
974754,2
917634,9
923238,4
940100,5
936595,8
994302,10
906844,2
955196,8
916977,7
974008,7
961199,2
979089,5
991468,4
923297,5
945584,8
914485,9
900488,9
968370,0
938431,1
998738,1
923649,9
921055,7
921531,9
995267,3
910281,10
935946,7
921531,6
943774,4
967021,4
982788,7
914485,9
968370,1
984841,1
985808,3
989430,4
993900,3
994103,7
944772,5
916977,10
995478,10
901989,9
943774,4
933004,9
923364,8
936352,0
921055,5
965289,2
904941,4
940161,3
993900,7
935624,0
938648,7
931773,5
937559,8
911648,2
971616,2
993900,8
913374,7
969092,8
972465,10
983244,0
913508,2
990993,0
987649,1
953554,1
994252,1
969015,5
934758,6
967956,0
969754,6
984930,6
939260,3
953863,3
928936,0
936189,9
977552,3
911648,4
936714,2
946838,2
902997,0
956892,9
958505,4
969279,10
910281,9
901618,10
989777,3
912074,4
991082,10
913041,1
909927,2
923315,1
945584,4
906412,0
973453,7
922024,7
914887,0
997115,7
921010,0
930124,5
987687,0
912560,0
980988,3
979343,2
974008,5
974065,9
991199,5
933914,3
972465,0
933585,0
921553,5
965655,3
967977,7
989957,6
968347,10
902347,3
997728,2
974480,1
969700,8
966578,1
983640,6
933756,9
940741,8
944795,7
920196,9
900459,10
951529,4
999549,10
976077,3
947701,5
985369,1
981846,0
935771,3
948116,9
903440,0
979089,8
967021,3
914820,9
956093,0
907242,1
929136,7
978734,7
934759,1
941475,10
970986,0
904762,0
996893,0
976926,1
972347,10
923411,1
990784,1
911122,5
999455,7
935872,10
925105,4
906335,10
923036,6
936316,8
990784,9
920196,1
945263,4
983942,0
902767,6
922560,6
913389,4
960761,6
933902,1
984021,4
965545,6
933321,9
906119,10
940216,9
998738,3
910281,5
991666,10
953299,10
981534,5
970986,6
974754,8
907645,2
958643,10
967977,7
904303,7
997115,5
935810,8
991628,2
954615,6
940002,10
910380,1
948839,10
944795,5
912618,3
976615,9
920378,9
987733,2
980013,9
902997,4
963927,6
931821,1
910699,8
973988,7
999572,0
923649,10
938310,8
930618,3
956225,9
965368,7
922024,9
916638,4
904829,10
904207,9
971846,7
947654,10
928081,5
958708,0
905668,8
974008,10
989430,0
935810,0
921764,9
933862,1
922361,7
969754,0
978777,6
931267,0
903044,1
969279,2
945263,1
937743,3
957497,5
959390,10
906107,7
984021,8
917078,8
903090,2
930191,10
938648,6
914027,6
901426,1
920402,10
988890,0
958203,9
915770,7
981219,2
999443,6
956225,10
969700,7
977329,8
965195,10
952191,8
994302,5
995478,0
965656,0
980988,2
946262,2
958253,9
921723,5
925934,1
970914,7
967966,1
931677,10
930665,4
916333,2
951580,8
939260,3
954980,4
974480,6
906712,7
905273,9
920402,4
986903,4
910598,2
964405,6
956277,7
986596,3
900962,0
987547,0
916267,1
965311,9
948376,0
941239,4
951959,10
970843,3
906766,8
929836,7
979187,5
942131,6
994103,8
958650,3
940002,8
910505,4
994252,2
953299,4
938656,1
921531,6
981942,10
987733,3
971508,9
933884,9
921723,8
968758,9
958308,7
909776,10
914820,1
937559,3
963582,1
954296,0
920703,10
926259,9
956093,9
901146,4
944999,9
985386,7
901426,8
922155,5
972096,1
919942,4
912209,3
994037,4
999443,2
970625,9
935613,8
931901,6
948583,8
940161,0
990993,5
928567,7
977470,8
940216,4
930190,6
918261,5
926328,9
985787,6
923387,9
921972,9
923649,3
935771,7
963927,5
985752,8
925101,4
991497,4
968347,9
939227,2
975178,3
979148,1
997368,3
958308,0
961018,5
909496,9
981534,5
968758,8
911122,1
980075,8
947529,3
948376,5
981589,5
936352,4
909496,3
907642,9
958643,0
906712,4
928452,7
939670,3
914456,6
923160,7
997175,1
984200,9
972302,10
908219,7
905539,9
908175,1
965895,0
985787,2
946898,4
991497,7
947628,3
941496,0
966682,1
977458,9
926197,10
915613,6
903234,8
963927,4
974591,8
985506,1
967956,7
959389,5
996774,10
929136,2
940225,10
938851,4
979089,5
930138,6
984102,3
980961,8
976575,1
938065,3
988598,7
990046,4
992888,8
999572,7
930554,8
971634,7
916776,4
941239,1
985441,3
962633,10
951027,7
997387,3
985060,5
920126,10
992214,2
964560,2
981846,8
994142,6
987547,5
929242,7
990046,1
981942,1
951209,7
950607,8
915364,3
970986,1
987993,6
960761,9
932551,8
997307,6
982377,10
937286,8
901989,6
964560,8
992045,10
951571,7
916333,5
975902,10
938065,8
942691,9
913412,3
939549,0
903083,3
923297,7
905539,10
902347,1
913761,10
997012,5
996061,10
977458,10
985865,5
932437,3
907645,1
950607,7
978852,1
994689,9
934357,3
915010,10
994150,5
978852,7
950221,4
936714,7
996120,6
932551,0
908339,10
948113,2
981880,7
966072,2
985441,8
971038,0
987733,6
962912,3
907212,6
960751,4
995964,3
971038,2
981728,5
988735,0
912209,6
912618,1
970843,7
991367,0
991958,4
994400,10
951209,6
952191,6
932461,2
943078,1
949496,4
908341,8
901146,8
982903,0
912916,8
967074,1
937055,1
938155,3
923649,1
908201,2
960075,3
930665,5
903083,8
972585,3
901552,2
969092,8
932571,5
947823,8
964913,10
908339,9
996120,6
944320,3
910699,9
945584,0
925313,10
907642,7
913615,6
998491,8
900488,2
957612,10
930554,7
987733,9
944486,3
931267,5
918608,6
967966,6
999549,6
976234,4
979343,5
915023,8
960483,2
970869,9
979065,6
938851,8
912148,7
998266,10
936139,6
958203,0
972732,9
982202,2
952781,1
973270,1
910598,5
956093,2
975178,5
903083,0
909927,0
951562,4
977264,3
930554,10
938065,6
954279,5
939003,4
959659,1
970222,2
962912,3
940161,6
905539,1
993900,7
900398,7
971251,5
910444,3
931386,5
941150,9
942691,4
915010,10
976615,0
954727,2
959793,2
981728,3
946262,9
970625,5
971508,9
998266,5
977264,3
918533,9
975510,4
901426,3
935810,6
901989,9
944795,2
964735,8
944795,2
925829,2
944486,6
957964,4
976545,3
935368,0
908485,10
966267,8
968758,3
986433,10
932461,5
999455,1
994037,3
928011,1
964913,9
939549,5
921976,0
989777,7
970986,7
986903,10
988331,2
958308,4
974182,9
926756,6
906725,1
972585,9
913041,8
920915,0
979343,6
980988,0
923417,8
995074,3
922184,5
966969,1
922988,3
958304,6
956245,0
918533,3
919648,5
987418,7
982478,2
982532,1
960483,1
983101,5
917604,0
921055,7
930187,7
984516,10
997115,6
909085,7
981880,4
916568,5
902277,5
991468,1
921791,3
997599,1
915770,2
911488,9
913334,6
930593,8
944999,6
912148,9
912544,1
910598,1
945263,7
954793,6
965656,0
908219,5
999101,3
906287,6
957497,5
919658,0
908175,7
924848,0
992399,8
967021,8
952873,7
935878,10
963754,8
986508,0
934122,9
910725,4
999455,0
915603,1
923238,9
982377,4
968593,5
913621,8
915023,2
928936,9
962141,6
978655,6
985585,3
939260,8
904789,0
919536,7
912535,7
986969,7
940161,1
963927,10
915770,10
909927,10
956245,8
953114,3
970196,2
980407,1
951582,1
944411,4
969700,6
998738,3
944795,1
915700,9
992214,5
933884,9
983101,4
913615,7
927900,8
984144,5
919240,8
912209,9
955166,8
996193,3
937559,9
904941,5
901618,1
981622,2
917770,4
950494,10
971963,0
990935,5
948538,7
921553,9
966682,5
965335,2
945100,10
997599,9
928254,7
938862,4
939236,4
972096,7
920126,9
915700,2
915379,2
905892,2
931265,8
936189,8
923411,6
979842,8
932551,5
920297,1
903742,6
986508,9
944486,6
932551,2
965195,3
985585,7
946898,4
992045,6
998491,4
962141,9
904165,5
907645,5
919536,3
972481,8
988331,3
904941,0
934370,1
931145,3
984336,9
980988,0
961199,4
962912,5
922764,8
955196,4
932255,3
979307,8
920671,5
915110,4
919138,7
997368,4
999101,7
907386,3
944575,9
908403,3
941150,0
944687,6
932331,4
997625,8
980491,6
986903,10
912916,9
979307,4
993507,8
974754,7
972096,4
917303,4
920703,5
958308,6
955421,5
965219,10
915303,10
923417,5
954980,0
932331,9
992257,7
972481,6
991082,1
990945,7
913761,3
960761,8
964560,9
925934,1
937559,6
981942,6
919648,2
950045,2
978305,6
903385,6
915603,0
983124,8
972302,6
964418,0
917078,8
990938,7
944320,4
932331,3
951582,1
950221,5
983515,2
987026,1
985441,9
903385,2
975547,6
943078,7
904789,8
971975,2
927900,1
977470,5
957964,0
902997,5
926545,0
940932,9
905858,9
990046,1
955421,1
962173,4
994689,1
963321,6
963754,2
996061,10
954546,4
915588,4
934331,1
940100,0
915458,5
958253,4
997508,5
926756,6
991753,9
917604,1
958650,9
910598,2
976227,7
922529,6
922155,3
938146,10
988243,4
919050,3
921791,8
905273,0
975510,3
948114,6
901275,2
989430,4
973270,4
966256,10
916692,3
931002,10
971758,3
983101,4
912209,0
938862,3
910870,4
971975,4
917853,9
924225,10
991083,4
922560,4
996061,0
994632,6
935810,1
954794,9
912916,0
954727,0
945668,5
998266,1
968796,5
936020,5
961411,7
917853,9
994305,9
980407,5
965779,4
941378,0
983244,3
972796,0
923160,10
939592,1
922988,4
929816,8
990168,5
936189,5
932677,4
983581,8
972796,5
922560,8
964560,2
986433,8
965195,4
958203,2
996120,5
935810,7
919942,6
997953,2
970196,10
997329,3
905170,7
951209,10
902347,10
940216,0
911993,6
920516,3
980169,2
964707,7
995600,10
920468,2
958203,0
997115,4
991753,5
908436,6
960567,8
991082,9
976575,4
942094,3
908532,7
988598,10
998491,0
952936,3
994150,2
968796,0
958650,4
901275,10
966936,8
997599,7
912430,8
902347,5
951529,3
956071,10
904789,2
968758,10
926328,7
977719,8
948645,6
968242,5
940932,5
930190,8
943284,5
972601,0
945584,7
989430,4
955552,7
919240,10
944411,3
901426,3
928936,5
914363,10
912618,6
971634,8
972347,10
902277,5
955985,3
928047,6
994632,2
956277,7
937368,10
971508,1
939227,0
997625,2
939670,0
914887,10
974182,4
986596,0
998738,2
907645,8
968450,7
996332,6
906287,7
905272,2
928936,7
972872,1
925517,10
977470,8
910870,10
929816,10
957859,9
929909,8
903385,9
977226,7
990168,3
968758,2
901618,9
977470,8
904829,9
951419,4
955945,8
916954,0
990812,6
921764,9
933884,9
904366,2
976926,8
994142,2
971846,0
929909,0
921010,4
930125,5
947914,9
922560,1
903520,5
964405,10
965779,4
986433,7
910699,7
914246,6
953114,6
903440,2
931447,4
901989,7
935771,9
960075,1
942094,5
926420,0
998491,6
997688,0
934266,7
945791,6
903307,0
913632,6
990653,1
989777,7
935624,5
922165,0
930138,2
967476,0
916638,2
924225,1
944320,3
984516,2
978734,0
919648,10
995074,3
988828,0
913092,5
994794,3
922184,6
921976,4
945473,4
907242,6
988111,5
978852,9
947654,1
994822,8
909244,3
946262,2
963827,2
971846,7
948841,7
920196,6
973799,5
988426,4
908201,6
979089,8
965368,1
986903,1
948376,2
930494,7
901337,2
986833,8
965335,0
965931,3
997115,4
936020,1
960483,9
920746,10
969541,8
953299,3
930191,2
933004,9
996061,3
903314,10
990784,8
908219,0
913374,9
990812,4
938065,7
903314,7
931447,10
955044,8
965195,5
971251,7
909776,2
959703,10
959793,2
965655,2
968242,6
955421,3
980779,0
984144,7
920919,2
941239,4
914246,6
968370,1
978305,8
925317,10
994302,1
948538,2
968758,6
964735,5
900398,10
958304,5
916295,4
920468,9
922024,6
955044,6
905819,6
939260,2
905539,10
935368,0
915603,6
901618,2
999101,4
972411,7
904829,2
977329,2
944920,4
972435,10
949496,8
973799,6
978734,4
908436,7
940536,6
929836,8
910845,8
992354,8
975719,9
901552,5
920915,7
966578,10
938887,2
981846,2
999549,7
923238,10
938851,5
964560,6
920126,5
961838,4
939036,2
965311,0
920196,2
900398,7
913041,3
945791,8
942167,0
925829,7
930653,9
935613,5
945668,4
921791,4
938887,9
948116,3
985752,5
990945,8
997012,2
992481,10
975552,1
985865,3
915603,7
931343,3
936189,1
928011,0
996766,1
917303,5
963231,5
938310,5
991497,10
960075,9
999455,9
913092,1
986969,5
934758,3
934565,0
934565,9
982049,0
957964,10
984144,8
997307,7
920919,6
921764,1
940932,2
916977,7
992384,3
947654,6
951686,3
933004,2
915010,0
901426,1
933947,0
904789,6
972302,6
943078,7
983301,1
954963,4
918256,10
950494,0
922764,10
930187,4
911959,8
932551,10
966969,6
972585,4
952781,6
968909,10
945940,4
907212,9
968909,9
982903,7
931677,9
972096,3
997387,0
968593,1
915162,10
983942,3
936352,4
962141,3
930190,8
958308,1
927108,6
978852,5
990784,2
920402,6
948113,1
985752,8
929136,7
915303,10
913092,0
966482,8
964707,0
975266,8
984336,3
922463,6
971846,9
948645,2
987993,7
977226,7
919536,2
924743,6
904165,8
965335,10
925394,8
965779,3
959389,4
948376,4
971679,4
903456,8
960781,5
996893,3
988735,9
904789,8
905668,0
988426,3
900628,2
941378,0
964810,10
958107,6
949871,4
935878,6
954793,5
933585,10
994605,8
967021,8
975178,5
910598,5
930187,5
954727,6
904207,8
963827,9
930593,6
919658,5
931821,6
926259,0
936139,5
914820,2
947628,4
971758,7
933585,4
929879,9
954636,5
937645,0
997329,3
915303,8
971386,2
971616,3
923417,7
917853,6
981622,7
992917,3
980491,3
915364,8
994605,5
903520,0
994610,1
954279,0
975188,0
920468,5
934759,4
914887,7
948793,0
908436,6
901275,9
944920,3
920747,8
910444,3
929242,1
994150,5
980013,3
971616,10
933585,10
984924,1
947529,7
953299,8
938656,8
988735,6
914246,4
944999,4
994400,0
994252,4
978852,1
965195,4
903083,0
937055,2
997368,2
912430,4
945668,3
923315,3
944999,1
968579,5
985441,10
958315,8
938058,3
968347,7
954980,4
991738,0
943410,5
984318,1
902347,4
970625,8
944058,4
997802,1
944058,1
980961,2
954279,2
989985,5
952127,10
970367,0
966267,9
940002,7
914485,0
970844,6
919942,1
951419,6
975810,7
954727,10
902767,3
970625,2
945473,0
944320,9
970625,6
957497,7
991753,1
923036,6
925317,0
995478,6
997688,7
911797,8
931806,2
938887,5
987993,3
991083,3
952726,6
963073,5
978493,5
906335,6
964707,9
992354,7
923411,2
913632,6
920747,5
904762,7
976615,5
981728,8
908436,1
931265,3
971975,9
937368,0
991083,8
970022,7
941496,4
934266,2
939036,2
979089,2
900962,4
904789,0
938146,6
961199,8
965779,4
964478,9
921976,6
941378,6
935872,2
924848,5
930554,4
946960,5
902690,3
994103,10
900459,10
992214,2
972963,6
966072,4
966936,1
971963,4
902767,3
958506,4
976926,2
985369,4
983640,2
933884,2
912544,9
960502,0
929746,6
915110,1
970880,10
903044,4
948113,0
914363,8
900459,9
985745,4
991367,10
958650,2
923160,5
996120,9
959793,7
920468,7
987554,10
956105,5
968450,6
945791,2
931382,2
999719,5
977306,3
973354,1
900459,2
948114,5
942094,3
962173,5
921976,0
997012,9
951580,6
965335,3
944320,10
958387,4
943410,1
905890,1
966969,9
982435,2
914485,7
936595,1
990168,0
936189,4
920747,8
960483,2
947212,10
912618,8
943774,2
910718,10
901426,9
925326,1
967966,2
933914,2
939036,6
923417,3
996893,4
907242,0
938155,8
947701,5
947701,5
995033,9
972302,0
963321,6
970986,2
930191,6
915162,10
924225,10
909211,9
988890,4
971963,1
962141,5
969448,6
986596,6
911073,3
971975,6
969060,8
908341,2
935624,8
966256,8
910871,2
991753,2
915162,1
958643,8
955985,7
903044,5
927108,5
944320,9
903385,9
950045,8
913502,10
903765,2
904789,6
945473,8
952873,3
902169,4
906332,10
981728,7
990168,3
956071,9
987547,0
952873,10
918505,2
910871,2
994302,7
939670,6
971963,5
970222,8
956225,8
902347,1
960567,3
988287,5
991738,9
955196,5
977264,2
963321,1
972435,6
958253,7
916267,6
964929,8
931901,6
985787,9
940536,2
997368,0
965931,3
927108,6
941150,7
926420,9
906335,3
909244,1
965219,5
930471,3
960710,9
939670,3
960761,0
925354,9
902791,2
904165,5
930125,10
912916,2
931002,7
910725,3
931002,3
914499,8
976545,9
931773,1
947914,2
974754,3
980491,9
938310,0
957859,3
911993,8
980407,10
925573,10
931145,2
903440,9
945120,10
981589,6
913389,9
919942,2
923364,6
966578,6
911797,6
926197,7
985745,10
974480,4
956277,9
954963,1
964735,10
975902,3
901337,0
927410,4
968593,3
988735,0
956225,9
921553,0
999101,0
963073,1
935624,6
960710,4
986192,10
990993,8
983244,7
986593,7
901989,9
985823,7
966936,3
990935,10
964418,10
935043,0
934565,2
935872,6
904789,8
951027,0
985369,1
944920,9
971975,7
971634,8
928081,7
900045,8
910845,10
991468,4
918261,7
971038,2
902078,6
945791,5
959659,3
904762,10
927745,1
959764,7
935613,2
967956,0
915364,2
915162,1
912430,8
986903,4
904941,4
979375,1
903314,6
915010,9
908219,5
929136,9
999642,8
999719,10
943078,1
900718,0
928254,4
928011,7
997307,2
998789,5
991738,1
948538,2
912618,6
933321,9
958304,3
930494,7
943078,6
944687,4
925313,2
932551,6
906287,1
914246,5
970880,10
927900,9
999642,8
983961,1
916954,1
990611,1
937743,2
963726,8
912430,9
914246,1
956453,5
945325,0
921723,1
970581,1
951209,0
964898,7
949871,10
991753,1
948114,0
908485,1
902169,9
977542,4
920297,7
959017,10
990653,8
985787,8
925035,6
910380,8
963073,3
994054,5
922361,6
929476,6
963927,2
921764,3
925829,8
911959,9
910505,2
916086,10
901618,10
948114,1
971634,1
940536,7
919942,0
911073,8
957859,4
933884,10
946262,0
929836,4
956225,9
907142,6
999572,8
917853,2
904366,3
914363,0
964560,1
981487,9
904941,2
979842,3
957497,6
947914,0
962173,4
937055,0
910444,7
904941,0
940161,5
928330,0
933658,6
944999,7
957497,9
915379,1
923649,1
904522,1
977264,0
915700,9
967977,9
998738,3
900789,0
973270,3
999395,5
970625,8
957309,5
998789,10
997599,1
910598,0
914820,8
921723,0
988111,2
987993,2
954296,7
903742,9
933914,0
969541,5
900962,0
979375,4
913761,0
975266,6
916295,4
964929,6
963927,5
989777,4
975178,8
957497,2
919911,5
909496,6
972302,10
903385,1
928081,5
900933,2
903234,6
902205,10
951529,5
983961,3
920297,5
920402,9
959793,7
938146,3
951529,6
903742,7
958203,9
980491,4
915303,5
982903,1
927108,5
912209,1
909244,0
906725,9
940932,10
930593,9
983101,4
994400,7
904885,7
973453,8
945263,5
955196,10
934122,0
922155,1
921723,9
925105,3
955091,5
903520,1
922529,5
997307,9
965335,5
903742,5
940216,2
983244,2
986593,0
978274,5
947654,9
992399,0
975188,10
918608,1
908341,4
929909,6
909085,3
995267,2
939592,4
969060,5
997329,2
916295,9
912074,0
918505,1
929909,3
913334,7
951027,10
962141,2
925394,0
900718,0
994655,1
907804,7
957859,10
969448,8
905892,8
903765,7
990046,5
944999,7
982788,10
909878,10
921531,0
912209,7
966682,3
994794,1
902277,8
970625,0
940225,4
910598,4
910870,2
948583,9
984930,0
973799,5
915396,5
987418,4
985257,7
979065,9
991120,7
965219,4
914363,9
918533,3
971846,8
905959,3
969092,5
928047,5
913092,6
964810,5
920747,7
968579,0
988426,9
929909,3
957849,6
913041,7
937286,7
921010,6
930471,0
968087,9
914820,5
968450,9
947914,10
958708,3
928739,0
971963,8
922529,4
966076,9
930618,3
948839,8
984021,2
965799,10
979214,10
990945,8
932461,6
907645,7
955091,7
954794,10
978493,8
953114,0
972963,3
985439,2
960781,2
959764,4
976926,6
935624,7
901618,6
938572,9
984618,2
981105,8
947408,10
934565,2
913502,6
908485,9
909834,7
984924,4
941239,1
984445,0
997902,1
980075,1
996120,5
991738,6
902277,0
902767,8
965895,1
933585,7
971846,10
997599,4
976615,5
974591,2
931773,3
919138,4
958247,6
977542,8
924982,4
950607,5
975266,3
920671,6
958505,0
981487,2
916776,3
987418,0
967074,9
991666,7
928081,6
970581,1
918223,7
978775,5
992354,1
984924,10
992045,4
988828,6
980013,2
915396,5
931145,0
955421,3
934758,2
950045,3
954636,4
913508,3
987104,8
945100,7
955545,7
921910,9
985444,9
926756,9
935043,8
994252,5
976227,1
944999,2
922361,0
929476,10
905539,8
991199,5
970880,4
913621,3
976615,2
917303,10
919942,1
973270,4
957612,7
925517,6
968579,5
985506,8
933585,2
936352,7
964405,5
913918,5
967956,4
953224,9
999455,3
978852,9
960502,1
994305,0
955493,2
980491,2
949871,6
928739,2
937107,0
992384,1
929476,9
982377,6
950045,5
979187,10
962196,7
967074,4
962633,0
910380,9
944320,3
936139,8
904303,6
933585,5
965289,2
934357,7
923411,5
952873,10
945325,10
938648,4
903044,5
931267,5
925313,7
944795,0
974065,4
931901,0
922165,7
920402,9
975902,4
937638,0
965289,5
983928,2
959390,9
988243,1
921723,8
942167,0
919911,8
907904,3
911488,3
902767,9
915700,5
920747,4
991958,2
937107,1
970914,8
923411,1
943017,8
987687,9
914499,0
970844,8
962141,9
901868,8
952873,0
900488,7
923649,3
966256,10
950759,4
978305,10
970540,4
902767,4
920126,1
958308,8
957964,5
987733,8
969754,10
930653,4
906725,5
913761,3
920746,5
905272,1
964707,5
917303,1
960502,6
951419,5
933756,9
996946,1
941378,10
933947,8
948645,0
937368,2
970625,3
925829,4
984516,0
999719,10
995478,3
902406,6
965655,9
919662,6
993900,2
938058,4
997688,9
922635,3
920468,3
924225,1
968796,4
970869,5
935624,8
955091,5
915588,9
992399,10
970022,4
903440,2
921010,2
984318,10
906332,6
980244,10
912618,6
919648,1
997902,3
987554,6
994252,2
984826,4
905858,0
957964,3
978734,8
989777,0
967120,1
972302,1
901275,8
925326,0
998738,6
939592,10
913389,3
962173,9
930653,1
925934,4
906725,0
931240,8
994632,2
915396,10
900488,9
906712,4
913389,5
931145,8
925802,6
962633,6
943284,7
937286,0
970196,6
989430,2
976234,2
973270,4
970844,9
989138,4
920468,9
922024,8
951582,2
908339,2
954727,7
944999,3
957859,10
940536,5
971634,3
921010,0
970022,9
912544,10
901275,6
923036,4
980407,8
948114,10
966256,2
904885,0
995074,0
915770,0
902690,5
960751,5
945940,6
915010,8
969278,1
988890,8
997599,4
983515,3
986508,2
958315,1
912148,5
991738,0
902277,7
928081,1
972096,7
934122,5
954727,4
992257,4
926763,0
986701,1
933914,0
991083,4
937762,8
959390,6
906725,7
935878,0
958708,6
994465,10
904915,2
994465,6
993687,4
963726,10
967120,5
933756,1
997387,6
923297,8
979214,0
988220,1
976926,0
906712,8
908209,3
986833,6
919911,5
984021,7
998789,3
904762,0
922155,6
946898,8
931821,0
996061,0
915364,6
990746,2
916568,5
931382,4
986593,10
931677,7
905771,2
976077,10
944119,2
919662,7
909338,0
975547,10
920919,10
923417,0
971386,5
957859,7
921553,2
925486,3
939003,2
964707,3
989777,1
910505,7
965335,10
981728,1
913918,5
919138,10
931267,8
942691,3
919137,3
957859,4
931447,8
951716,6
985444,1
901989,9
987266,1
970869,4
903742,0
984445,0
925035,2
928936,1
958505,9
922764,7
995964,5
933321,1
954794,9
912535,9
921553,5
964405,10
969092,1
948113,7
996193,4
975719,5
978655,8
903083,5
911122,8
939670,2
943754,1
924225,7
932901,9
978274,7
989957,0
950494,5
914456,6
975902,4
963321,9
941475,1
921723,7
994794,9
930471,0
988111,10
951419,6
997953,8
957849,6
987733,0
914027,9
907386,7
962912,1
990826,6
937743,4
964594,8
956245,9
997688,3
962173,6
989138,3
988735,4
983928,4
967021,3
929909,10
972601,1
914363,3
933585,2
904051,8
901868,7
940932,4
992481,10
991753,0
911993,7
985745,4
970869,0
920746,2
929290,1
958650,8
956892,9
993833,7
927900,4
957964,3
925517,1
947654,1
946262,2
951582,1
925035,9
960567,4
992399,3
987554,9
963231,10
959659,9
939236,5
964298,7
912430,3
988220,5
911993,10
995600,7
942131,1
922344,10
952781,4
977226,8
983961,8
999642,4
958203,3
954963,6
900398,2
983301,8
991666,4
976575,5
925829,4
931677,5
981728,4
918608,10
903437,5
992257,0
915077,2
915770,9
992026,10
966076,7
944795,7
933756,4
939036,8
918223,3
951582,9
905236,3
952726,8
985257,7
931677,4
937055,0
969092,7
900962,6
995267,10
952873,4
903083,9
970540,2
938572,8
909085,1
936020,8
968450,4
933862,10
926756,10
926545,8
929909,3
995033,6
991666,1
974008,1
940479,5
915700,7
936448,5
942691,8
931382,8
968932,2
915303,5
993687,9
967074,10
905273,5
979089,10
935368,0
945120,5
982788,3
958253,9
958505,10
922529,8
945940,5
929476,6
959793,9
994581,0
924982,0
924848,1
942131,8
935771,6
941941,6
938155,8
994822,8
996946,8
952726,10
954890,6
921723,1
966936,1
909878,1
904885,9
919137,1
973799,8
974182,9
958247,2
973988,2
933658,2
993507,2
902078,3
954793,2
908532,10
903090,1
974530,4
961838,8
921723,5
979065,1
934122,9
982532,10
904789,3
970843,2
981880,0
914027,9
906725,9
903044,10
994302,10
987266,10
955985,10
954980,5
900789,7
914456,1
990168,10
990938,9
964707,5
937645,1
922585,2
993833,3
990408,0
940216,5
926756,5
935624,0
901337,9
989777,1
972353,1
917770,5
985823,5
951571,9
907202,1
991738,7
976545,5
971508,1
984924,8
925317,3
930124,1
981589,2
999572,8
968450,1
944772,1
974754,0
930125,6
938862,8
938058,10
901868,10
972481,6
986192,6
973799,8
936595,10
972096,1
970880,2
928254,7
965895,7
934565,1
907904,1
910718,7
991082,3
904941,6
991468,4
953554,4
983101,9
909244,0
928254,7
937559,9
999572,6
982377,4
968932,4
955691,9
974008,7
907804,7
990993,7
951148,1
954794,9
982903,5
992399,8
987993,1
962141,8
965895,10
958387,1
968450,8
905236,5
930125,7
942167,3
915603,0
900933,0
976545,6
935878,4
911797,10
985585,6
975719,7
968909,9
923387,3
925394,10
972963,5
965195,6
969754,4
994252,8
955691,1
957612,3
929568,2
916333,8
912209,7
952936,2
979148,10
922344,0
960751,9
912074,4
970222,4
987733,9
936189,10
971508,4
964735,7
998491,10
931399,5
946855,7
966267,10
918505,7
939227,9
957497,7
984102,8
964418,4
941239,5
930653,2
970222,5
923238,8
990938,1
921976,0
994142,10
961838,4
942167,9
986969,4
955985,1
992354,7
970625,1
997728,0
923411,4
995267,10
905170,10
925237,10
980013,2
923560,9
956105,1
996946,9
910871,8
984102,2
998738,7
907176,7
991753,10
923560,3
965545,10
904424,3
956342,9
930593,6
945100,6
964478,10
912618,2
979148,10
953554,1
911073,1
954546,4
916954,7
931265,1
934122,5
969565,5
985257,1
911639,2
981846,3
921791,8
965289,2
959390,7
955493,3
920297,1
995478,6
928081,5
936714,0
939549,1
911122,0
958650,4
959793,2
952936,0
956093,4
914363,5
923417,4
922585,10
952726,1
972601,7
908339,6
916638,9
944320,4
955044,1
926197,10
997175,9
966682,7
963073,3
920516,8
938887,5
912618,7
931265,3
906412,8
945100,9
951209,0
905170,9
924743,2
903083,4
984336,3
988220,9
977306,10
998182,3
990784,7
940161,5
938155,5
996774,5
959017,3
950494,10
922085,7
984102,9
969060,7
931002,0
978777,5
947701,1
910380,5
966267,1
937743,8
947529,6
998606,6
980779,3
986833,9
996946,5
963231,8
951582,5
903520,3
984021,5
947701,9
923315,4
912209,7
997387,10
969754,1
925326,3
993687,8
910281,9
994632,6
925101,5
947529,7
967956,5
971038,0
967074,2
982788,0
973799,10
936189,3
911073,1
952873,6
904303,4
970367,0
931386,0
935613,10
956892,0
958203,0
925829,8
968242,0
954794,6
952726,3
982903,3
972353,7
990945,10
964478,5
925313,7
963124,5
938862,10
943754,3
925802,5
975510,4
914246,10
923238,1
931447,5
910718,2
998606,3
994305,0
924225,2
978274,4
903234,6
925829,8
905539,5
936621,10
947914,6
957849,4
946262,3
961199,2
973453,3
902791,3
995777,2
954539,3
915110,1
907242,7
995964,5
922585,2
996774,0
995267,1
906107,10
940161,9
994794,3
963073,9
964735,1
913918,5
991120,4
943017,7
952967,7
964405,0
994655,9
996193,9
954890,9
933884,10
923411,1
921553,9
908201,6
900962,7
985013,8
996061,5
977329,6
905273,5
922635,9
997368,5
940216,6
984826,8
945120,3
952873,0
945263,4
904303,4
984144,10
944920,5
991206,3
955493,3
962912,9
972796,6
950494,1
954793,2
943284,5
996774,6
968087,10
979375,0
933004,8
904207,7
926756,5
906119,9
983301,5
930138,10
910507,7
982788,5
929568,7
983124,8
981534,1
990611,3
933756,7
905170,9
926420,4
904941,8
903520,9
964913,0
919911,0
989138,6
904885,4
974591,8
914820,1
948376,8
933658,0
904051,7
984336,0
955166,4
911648,5
973354,9
980491,1
983301,3
939236,10
987649,1
915396,9
904762,1
983928,8
941496,1
997368,9
920957,0
987266,2
952873,4
979965,0
904366,10
901146,1
931240,4
901618,4
991738,4
900628,6
942167,9
942691,0
936595,4
969278,7
951419,1
930125,5
932901,6
920675,10
965799,0
909496,8
911959,8
980988,8
981622,3
994610,2
907071,6
907645,9
983961,10
987026,8
904679,7
914499,3
969565,1
910718,1
916776,6
970880,2
915010,10
931399,8
951491,5
903858,3
939260,5
971634,2
933585,2
972411,2
987687,7
941496,7
997368,8
939260,2
937743,4
925829,7
919942,9
980779,5
925517,7
920419,10
916086,4
922344,6
955985,3
960483,1
914820,6
915770,6
986596,2
935043,1
928452,7
907804,3
926545,3
904165,6
985823,6
912560,8
932677,1
997953,9
923649,5
979187,4
932331,10
915364,7
914887,1
998606,1
969278,5
998606,7
903044,4
991083,8
941378,0
955691,8
952127,8
988598,6
997625,9
967977,0
972585,9
928452,4
952726,7
989777,6
941496,9
997508,6
984445,2
938065,10
927900,7
954279,4
954793,2
935946,10
905539,9
966682,8
982049,5
912560,7
944486,5
953114,2
941378,6
938572,2
911639,10
983640,2
916692,4
923387,4
980491,4
997307,3
942167,2
994150,8
990653,7
945473,7
917634,10
999455,0
967074,2
990653,2
929476,0
930665,1
948583,8
933862,7
988598,6
955945,5
942094,8
999395,2
924982,10
984336,9
911122,6
967977,4
971386,10
951209,8
944772,6
912535,2
932255,5
990812,9
909834,2
916333,3
926756,9
958304,8
993687,4
984618,4
933914,3
970914,0
974851,6
949871,9
985865,6
923160,9
968932,5
992026,4
948583,3
959390,5
920378,6
963321,6
947913,0
955044,7
987266,3
953863,1
999085,3
997953,5
911639,1
955985,2
934122,1
992026,10
921010,2
942503,10
900488,7
915770,6
991120,7
913092,7
937107,4
944320,10
962141,5
986593,2
923160,9
947914,4
995478,1
959659,7
905272,9
940100,3
959793,8
970540,2
999549,9
966936,2
980244,7
931901,5
900962,9
982435,7
905892,7
936621,8
952781,5
950759,10
943410,6
944307,3
935368,9
967977,5
932551,3
948116,8
923387,10
944486,0
900789,2
902690,10
960761,4
937559,4
975547,4
983961,4
975510,4
979089,7
954546,3
965931,7
966969,9
933947,4
904522,5
905170,8
926976,3
902169,8
902791,7
980779,2
971679,8
995777,0
972435,0
980244,8
922155,4
929568,5
985823,0
928452,4
964478,4
907071,4
903765,9
914820,1
994610,10
955196,7
977470,5
950759,3
958708,2
902104,1
902078,4
920915,4
938146,0
978734,5
976322,0
930554,1
914027,1
977264,4
905236,6
945473,0
952873,2
986433,7
904915,2
930138,1
977552,1
988890,10
968242,4
977264,0
917078,9
909211,4
979214,0
911993,9
979065,5
905771,3
994054,1
990746,6
968758,8
959390,8
931343,6
956071,6
994305,9
944085,1
972096,2
981880,9
903765,1
979187,6
977264,3
972601,10
936595,5
922764,7
963321,1
925394,1
930124,6
931002,8
915364,3
910718,6
908219,5
938065,6
911648,3
907202,9
908485,1
972732,0
943754,4
951529,9
907212,9
925829,3
982049,9
991468,6
952873,9
922635,8
941496,3
980407,4
945584,5
994103,10
983961,4
990812,5
911746,6
907386,10
979965,7
906725,9
940225,2
942131,1
963231,3
985013,4
926756,4
994037,6
902277,7
926976,3
910725,7
958708,9
965195,0
977458,10
997802,10
972347,9
920671,0
900789,0
903234,0
990746,0
943754,9
938065,5
926763,2
953554,7
917604,8
969015,3
908175,9
988830,8
950759,8
903742,4
951959,9
908341,6
964898,1
943410,4
935810,6
991206,1
987554,5
926545,2
994305,8
969448,8
933585,5
954890,8
960567,6
978274,1
903437,2
963582,0
957497,5
920297,9
913632,6
920297,8
918223,8
911639,0
922165,2
963124,2
954539,8
965931,10
985441,5
964418,8
954539,6
921972,8
905890,8
920957,9
969754,1
997329,2
982788,9
971846,4
971975,8
976322,7
975810,3
912535,4
992045,3
916086,5
954279,3
928567,3
920671,7
915303,9
990746,8
902078,7
970986,5
982478,7
920919,8
979065,6
970022,10
917303,8
911959,5
901552,2
905293,3
903044,10
970367,2
977458,10
990993,4
965368,10
935368,2
930471,4
937743,4
951529,4
966072,1
911797,3
926420,4
911959,9
904207,7
997728,7
981219,6
972481,10
999549,9
983124,10
938656,5
900933,4
991206,10
985441,2
943078,7
917853,9
929476,5
903440,10
920957,1
957859,7
921723,4
930187,8
913334,10
903314,9
926197,6
937559,0
951419,0
997368,0
994632,10
913508,4
988220,2
933756,8
910380,0
925486,10
997175,3
976615,2
973782,8
906712,7
997115,8
987733,2
982377,1
976384,2
904941,6
909834,8
926545,8
910380,8
970844,0
939003,10
933902,2
978274,9
970843,10
905890,7
964418,10
975547,2
971758,3
989957,9
932677,3
930124,3
920297,3
935771,1
983640,4
985865,2
975547,4
906766,0
983244,3
910281,6
921055,8
997508,6
965368,9
911797,10
937638,3
940225,5
939003,2
939036,0
938887,7
995033,7
970367,7
964594,5
994610,2
903314,10
965311,3
983350,5
915379,9
969565,4
918261,4
903314,5
923297,3
988243,9
951686,8
922988,1
936352,1
992399,3
968450,6
991367,10
995074,1
943774,4
968796,6
909496,3
983515,4
941378,10
987266,9
964478,9
951580,8
951582,9
911797,9
931267,10
947212,8
965779,2
921976,10
941378,1
944411,0
984841,6
970196,6
935872,3
919648,1
917770,9
944119,5
967956,7
990046,6
955552,9
920126,1
991666,1
932551,5
981589,7
911639,9
942167,1
925313,1
969279,1
961199,7
926328,3
937559,5
938851,3
943017,7
910507,6
930138,3
935946,8
966076,8
953224,2
980961,0
971616,10
942094,4
940225,0
921010,9
911797,0
961411,9
931677,10
911746,6
983942,3
988331,8
913092,4
941150,5
997625,5
905170,0
926976,5
911746,2
977719,4
948793,3
933884,3
912544,0
906766,5
974065,0
925101,8
948645,3
909338,9
957964,6
977226,3
915700,10
934713,8
947823,9
927745,5
986508,1
948114,2
930665,6
963827,6
980640,0
998266,8
944411,4
968758,4
990611,2
962141,3
975552,2
927410,0
987026,4
985787,10
914246,5
965655,0
991083,8
936352,8
969565,1
960710,7
977470,5
979965,4
967966,10
992399,0
952873,3
994581,2
925573,6
989138,6
910444,3
937638,0
919911,10
971616,5
928254,10
944795,1
962633,0
936316,3
913041,6
900933,9
920516,9
925573,6
931002,7
970880,8
963321,5
954636,2
919486,6
902205,7
959793,6
978734,0
913615,2
986969,10
913621,8
922024,6
909085,7
992214,10
995777,10
935368,3
987687,3
903307,5
986701,9
992888,4
936595,3
922085,3
990784,1
905892,8
925313,6
954963,8
999443,2
944307,9
969060,0
904424,9
906772,2
959017,9
903765,10
947408,6
906332,6
934758,1
951491,2
987649,10
970022,0
901618,9
994610,5
903083,7
950221,8
985808,1
962141,3
908219,0
988830,8
904915,3
911073,6
925802,1
990746,7
939227,8
928011,2
947529,3
959764,9
922585,10
960075,1
940225,1
989430,4
903083,0
900933,4
903307,3
988828,2
920378,5
969448,6
950045,2
977226,1
997625,2
930665,4
982788,3
978274,4
907176,6
913508,3
961838,9
915023,5
928567,7
945791,5
981105,0
991199,3
931343,2
920671,8
969700,6
937107,9
930125,3
979343,3
934357,4
983244,3
914027,1
926756,9
990935,3
911993,6
910725,4
902997,10
961411,10
966267,0
958253,10
932331,10
940161,0
960761,6
974065,8
951491,0
979187,10
928081,5
950607,10
999101,4
912560,6
932901,1
952191,3
996489,3
996193,9
998789,10
997387,3
914246,0
951959,2
971758,10
919911,4
954963,4
905771,5
975547,0
980779,4
913041,4
997387,0
964298,1
965289,3
926976,2
955196,9
948114,6
910281,5
916295,5
997625,2
921723,1
939592,4
905272,9
920402,1
998266,9
967966,10
909834,1
978734,9
915396,2
923560,7
991120,0
992399,10
933924,10
913412,3
991468,2
995033,0
960710,10
953554,4
932461,7
915162,0
922165,3
958387,9
976926,1
954279,10
978493,10
935043,5
958643,10
933947,2
920915,5
992384,8
981728,3
997012,4
921791,10
906287,5
995033,4
931806,5
992917,4
935043,9
987266,5
928011,4
974182,10
903046,9
968087,6
993833,4
935946,7
903520,2
964810,2
988890,5
947913,7
988828,3
930618,2
905819,8
946838,8
933004,2
925486,8
911073,1
938469,0
972963,0
982435,10
998789,8
902690,3
964402,2
990935,6
985865,6
967074,4
994581,5
925934,10
922529,5
965289,9
911993,3
933884,2
918256,5
979089,5
989008,2
969278,5
925317,8
963927,0
931267,2
996332,5
915077,0
985745,4
956892,7
907212,10
978305,0
915010,10
903437,8
987649,8
966256,3
996489,0
948841,1
978655,5
951209,2
908219,10
951959,1
993833,10
923723,0
999007,10
937645,4
985506,6
966969,7
996766,3
961199,6
994610,7
951686,7
913615,9
931773,8
904885,4
904679,2
939036,4
960567,5
921531,5
999007,4
963927,8
944575,7
955421,7
957612,3
926197,4
938146,5
943017,0
934565,4
915700,10
988830,8
968579,0
980169,9
921791,3
931399,7
913918,2
955985,2
986833,8
987649,1
982532,1
994037,0
985787,2
990408,3
928452,4
903090,7
955044,10
969092,3
939236,4
969565,3
931386,2
993833,2
916692,7
915023,1
965799,3
996774,8
935878,9
923766,1
944486,7
906725,10
972435,5
940536,3
965219,9
956071,4
916295,0
963073,1
911122,5
985506,8
954980,5
931002,5
970986,5
937368,1
919662,0
916295,10
968579,4
901275,6
913041,7
901337,7
987418,2
990746,2
969565,5
919648,6
942131,7
966482,5
955166,2
992214,0
966578,8
984200,8
923417,2
997625,10
922184,7
930618,4
902169,7
921972,10
959764,5
981622,5
941475,0
913508,5
939549,1
984924,1
910718,5
908219,3
906107,7
919658,8
987993,3
942131,6
937638,10
943774,4
923297,1
959793,6
964405,3
997625,4
992384,3
963231,1
965368,7
915613,8
982788,5
944687,10
980491,1
906772,1
988598,2
925486,3
940932,7
991958,5
985013,9
931240,10
955545,9
947654,7
981942,4
908532,0
991468,5
911639,7
908532,0
912916,3
927108,0
955421,2
973270,2
930124,8
979065,6
955421,5
915303,3
913092,9
998266,8
974530,1
928567,3
931821,6
973799,2
937762,0
900488,1
908209,4
991468,10
995033,10
961729,4
907212,6
958650,2
908436,0
963726,2
902767,6
984445,5
957612,6
984102,3
934331,6
972096,4
948113,9
933756,1
985060,5
904207,3
965545,5
945120,7
925517,6
983928,8
938862,8
970844,2
922463,10
913621,5
945325,7
904829,8
903083,8
955044,5
944575,1
970844,10
958506,1
997368,4
987687,5
910845,7
943017,4
958247,6
983961,2
972481,5
970914,3
956277,8
954546,8
935043,9
929909,5
903765,1
916954,1
925326,3
920378,8
948841,1
976234,4
901337,4
909211,0
978777,9
958308,5
941496,6
965335,7
943017,8
902169,10
991753,1
920671,10
909927,7
965195,8
907212,0
927900,5
902997,4
944920,7
966578,10
985060,4
939670,7
903520,4
965545,4
970869,0
901868,7
971386,3
903090,7
910380,10
934357,8
986969,8
942167,6
908485,7
970022,6
975552,4
983961,8
923160,8
921791,1
956865,8
933658,10
995600,6
930665,5
932437,7
996061,4
919648,9
904915,7
966072,5
908403,0
976384,0
969278,8
904051,1
965799,6
985808,0
944085,3
914246,3
922529,10
904424,7
951959,0
930618,5
916295,10
972710,3
942503,6
928081,1
955166,3
906712,4
980491,1
985823,4
954539,2
989957,0
972963,6
985808,10
903437,3
948841,1
911648,9
924982,9
976322,6
997728,0
994302,9
935872,9
972796,10
992214,5
905771,1
919050,6
935368,8
976615,4
908175,10
998789,2
933884,10
970196,0
943284,6
909244,4
931265,0
982435,2
903456,2
931267,4
907212,6
972353,0
995033,4
983301,3
985506,0
967120,0
948793,1
911073,3
977458,5
955166,0
986833,5
915700,4
930191,4
943410,0
916692,9
909211,6
984930,10
942094,9
905272,10
945100,0
997688,4
994037,3
917604,0
964810,8
921553,9
961729,6
952873,10
934758,1
920468,3
944575,3
993900,9
969015,7
960781,9
997625,4
974530,6
960567,10
903314,5
990611,9
938146,10
928330,1
932437,3
902791,9
942691,0
994610,0
964735,10
970914,1
916776,10
997688,4
984924,3
932571,7
937638,3
972872,10
932901,10
985752,9
906725,2
954279,4
992257,2
978852,3
939592,6
985752,8
991206,7
999085,9
945940,7
925317,6
926197,8
969279,1
905959,7
922085,6
925035,9
962173,6
910725,6
971386,3
903083,3
922024,2
912544,0
978775,6
994655,5
991628,10
929476,2
958708,8
978734,0
940002,7
920747,3
986192,6
929290,10
958650,2
945100,1
984618,1
941150,8
954727,8
954794,10
928081,4
996325,6
932437,5
967074,9
926197,9
908436,10
909878,9
999642,6
926545,4
954963,9
928567,9
909211,10
965335,2
992888,10
967476,2
904303,0
973799,10
975552,9
954279,8
931821,0
972963,8
974750,2
966969,7
955196,6
922529,4
905236,5
934370,1
965311,2
993833,10
970625,10
964810,8
971386,8
961411,6
915458,9
972963,2
916954,7
968932,8
936448,0
969015,4
997175,6
953554,5
922764,8
919536,2
973270,4
985585,9
931677,3
999549,0
943017,5
965289,8
900789,1
991738,2
987026,3
985369,6
938862,5
910871,1
985585,8
912560,8
931002,2
975552,3
908175,2
940741,5
912074,9
931265,9
936020,3
991958,2
974851,3
922361,7
948538,5
930618,6
936714,8
973782,1
907642,6
970222,1
994822,5
931002,1
946262,1
969060,3
926976,2
915379,2
953554,0
936189,10
956105,1
981942,2
936316,4
930125,3
918261,9
973354,7
981880,2
926976,4
980491,8
991628,3
920297,10
995033,10
929836,0
958708,3
936621,4
986192,6
936448,4
928567,10
915396,2
907071,7
915603,1
968242,5
917770,9
902205,4
978734,9
932677,9
947408,2
997012,9
906725,9
930138,4
905771,1
975266,7
994302,9
900045,5
971634,3
929909,1
928330,4
902205,9
938310,10
971963,8
923649,2
901989,7
927900,5
999007,5
991958,2
910598,2
996893,4
925237,10
962141,10
920419,3
901868,0
908436,3
931002,1
922165,1
985752,6
993687,4
908175,7
900933,3
965655,1
926197,9
977264,3
905539,9
973354,0
981105,9
988828,3
949496,3
999719,1
971251,7
924982,5
933884,7
926328,8
934370,9
972465,8
972465,7
951686,10
902078,8
948839,9
969060,10
963582,6
906725,6
934323,7
930653,0
994142,7
951491,6
994465,1
984021,5
990945,2
923364,7
958506,4
940479,7
925486,5
923315,10
996946,4
919648,10
990945,6
905668,10
925573,8
958247,8
909776,6
999455,4
925829,7
904165,10
944999,10
983350,9
936020,6
945584,2
939227,1
923036,7
985441,6
970986,4
915458,9
912535,0
967021,9
978734,7
997953,5
949496,0
965368,1
970880,6
980013,3
938310,7
991468,2
970844,2
925101,3
954636,4
994302,6
915613,7
915303,1
907386,3
958253,1
946960,1
983101,7
912148,10
938431,7
904727,0
911797,8
945325,3
919658,7
965799,6
958203,3
911746,2
901426,8
972732,5
959793,9
937645,6
998266,2
920671,10
982202,0
992354,4
983301,1
982788,10
920671,5
940002,10
948839,6
996332,1
981589,8
918261,8
985257,2
942094,0
918505,4
952781,10
966256,2
958203,2
936020,9
990812,10
972732,3
954636,7
930190,0
961018,7
904051,4
929816,9
934565,4
938656,2
906412,7
944307,1
951529,0
905771,5
945584,2
996120,0
907202,2
968347,4
951686,10
922024,9
997115,3
903437,2
992078,5
972963,2
965779,5
994465,10
982377,0
912074,3
915303,8
904207,0
963124,7
921723,3
922560,6
968593,6
915396,1
901426,3
973782,1
925486,6
934357,0
943754,0
910699,6
910281,5
968758,6
919942,3
951148,0
984841,0
991628,6
982478,10
908339,2
949496,9
916333,8
901146,9
955945,9
981880,3
976384,10
967476,5
957849,9
994655,5
983928,7
909244,8
944920,9
922635,8
994689,8
961891,5
912916,6
985060,0
997802,2
942691,0
951027,4
988735,8
994103,2
936621,8
959389,0
935624,1
994465,8
980640,8
970986,4
940741,8
989957,4
942503,0
986508,4
905892,6
973799,8
949496,5
903520,9
960567,6
935810,7
945325,9
967476,10
952127,5
931821,2
999443,9
915458,7
905173,5
918505,0
921723,4
900933,6
922344,9
963927,5
950551,6
919911,2
943774,2
992026,8
988426,7
914887,7
980640,4
900718,6
926259,4
923723,8
948114,6
930138,7
919138,6
920957,0
920196,10
963321,6
966578,4
929242,3
957859,4
933914,0
951209,5
934565,10
985439,8
986903,1
936316,0
910870,6
900398,2
909766,1
915770,5
972585,9
975266,7
933884,7
974754,7
996489,6
979965,10
990746,1
973782,2
912148,0
962633,7
904424,3
936621,8
985257,6
943410,8
917853,10
930618,4
903385,5
907202,10
955091,5
959793,10
915770,2
934357,3
995964,8
949871,3
913632,7
925035,4
932901,4
992888,0
989430,10
914456,0
930125,7
951491,5
936139,1
960751,3
921764,9
913041,10
904207,9
947654,0
934323,10
981622,1
972096,0
915023,4
998266,0
902104,2
946898,10
936352,3
933947,5
919942,9
911797,0
975178,8
924982,1
968758,8
992026,9
987993,8
957309,5
997625,10
971634,3
985257,4
916568,7
983942,6
964810,4
970880,2
970986,1
920516,3
931240,9
987104,9
923160,0
980961,1
929909,2
945791,9
973988,0
967956,4
922560,10
911073,0
916568,8
987649,6
977306,3
910598,4
938431,5
947628,9
963073,9
938065,0
939227,1
920419,10
990826,4
943078,4
922585,8
900459,0
963231,3
922635,1
992888,7
959703,2
910281,10
962173,4
921531,5
925829,6
942167,5
986833,10
953114,2
989430,4
988331,0
958247,6
923160,8
996489,0
919716,4
904424,3
954963,7
969448,10
947529,0
904679,3
986508,7
972411,10
964418,0
945473,9
929290,1
997387,5
982377,7
926545,1
944795,7
920957,10
994252,6
925934,8
940002,6
906712,8
934122,0
945584,7
937055,2
992354,10
997599,2
931773,5
902205,10
914820,4
976926,7
923364,10
965545,3
970843,6
920419,1
966936,1
904679,8
923723,4
951959,9
912209,8
977306,7
920468,7
971634,1
906332,10
903520,8
920516,8
906335,5
911993,1
967074,5
911073,6
997368,3
961729,8
937743,2
903385,10
922184,7
984021,1
974754,3
923036,5
912074,0
925317,5
930190,7
956277,6
911959,4
907904,9
986701,10
906844,5
983515,2
907142,0
997368,2
906725,9
964707,10
944307,0
985823,0
994150,7
908209,0
904424,0
974750,7
969754,8
936448,1
932255,1
913412,4
945120,8
980779,5
964594,7
910845,6
914499,7
915364,7
987733,0
911993,3
950607,1
994822,5
973270,5
900933,10
955421,9
970022,4
975510,10
916692,3
935043,0
921972,4
920747,1
909834,2
940100,4
910871,5
990938,6
912618,5
997599,1
988426,0
996325,8
959390,9
983961,10
910845,8
910507,6
933756,8
938648,9
932551,7
931447,5
971975,3
958247,8
970581,8
988830,5
908403,6
987418,0
921972,8
906412,2
903858,3
971251,0
919648,1
980407,6
951716,6
992026,1
948114,8
999101,4
945791,5
999642,7
988890,1
966267,5
930138,7
974754,6
915110,7
959703,6
985444,10
974008,3
916568,4
981219,2
931386,7
952967,8
982202,5
954615,9
984336,0
951571,6
932571,0
920675,2
940741,2
923723,2
951491,8
943284,6
977306,3
991958,4
919138,0
907642,9
901337,0
944058,1
910699,7
910444,5
913508,4
933321,3
983928,0
985752,4
930653,2
920378,8
922988,5
972710,3
978305,3
954279,9
918505,1
985787,9
928254,1
903307,8
954890,4
977552,6
934759,0
913334,5
999395,0
916692,10
936352,5
939670,7
922085,6
918261,1
983961,6
969060,7
952726,8
910598,1
961199,1
984144,3
931773,4
990993,5
993833,4
902078,2
936448,7
982435,7
963927,4
974530,2
932331,6
930187,2
947701,10
999642,3
943410,4
985865,1
900962,4
910718,8
933902,7
928567,7
971975,1
928452,9
929816,1
903385,6
941496,0
993833,10
904941,2
944486,9
916568,3
991468,5
948839,8
955196,6
916267,8
922585,7
902791,4
987104,8
985752,6
992917,1
936139,2
929909,6
956453,2
904915,0
982532,5
927108,2
984618,9
911746,8
922529,1
941941,10
911639,2
921976,10
922184,3
991082,2
945263,10
930653,8
996946,3
949871,3
980407,3
981622,9
966936,1
999101,3
976077,2
918533,9
986903,3
951571,8
903083,7
943754,4
913334,7
961199,1
997307,7
931773,9
951529,3
915396,1
911073,9
905293,10
933924,8
920516,1
930653,3
928047,7
946960,7
967956,0
922463,0
923238,0
952127,6
994632,1
915588,9
933902,2
905293,6
954296,2
981105,0
982049,1
940100,6
939260,4
935613,4
963073,8
914027,0
982478,0
976615,4
916776,2
906766,3
950494,3
943017,3
914027,2
958247,10
922988,3
954546,4
960751,5
944320,6
997175,8
938648,10
947408,8
996193,10
951027,8
935613,2
934565,3
913412,7
922024,3
910699,6
928936,5
921553,0
975902,0
994400,1
913508,9
915396,10
916333,2
938146,8
999007,2
929290,8
987104,4
915379,7
947628,4
983640,3
922585,3
923238,2
924225,7
966578,8
993687,1
944119,6
992257,6
913502,3
974530,9
977264,9
978852,5
944119,1
983640,1
918505,3
935368,9
910380,10
935810,4
985257,4
962173,3
943284,10
939036,8
903234,2
905771,0
950759,2
933947,4
935810,3
953114,9
982903,7
917303,8
975266,3
974591,4
965289,2
997307,3
951571,3
945584,9
910845,5
997329,5
961891,5
910699,4
901426,3
999085,0
925934,2
961018,3
917634,2
913502,7
972872,5
928047,1
903765,1
992384,8
920297,8
941239,6
940225,0
983961,4
905890,0
992354,3
915162,9
903083,3
924982,3
996332,0
934713,5
983640,4
967956,3
978777,4
954546,0
981589,7
965335,5
957612,1
983942,9
933884,2
979343,7
979375,7
976926,0
972796,5
931343,7
992888,3
912560,10
992214,6
960075,9
911993,2
941239,5
968450,6
992026,3
944085,2
927410,6
917770,5
921791,10
958387,0
974750,0
992384,7
915077,6
915379,8
905668,3
980640,1
917634,4
914456,2
904522,3
915700,7
900459,1
932255,9
941378,6
945325,7
939236,6
922585,3
974851,10
985386,0
929290,10
958505,3
900045,10
958203,5
955166,2
972465,5
912544,5
922344,6
956245,9
943017,9
905293,9
941496,0
951716,4
936714,3
944058,4
996766,10
922024,5
914820,0
950494,2
960483,1
915010,6
903385,0
936714,3
904424,3
931677,0
935946,1
902406,0
990611,4
996120,8
984200,2
971251,3
958387,9
909496,3
930665,0
992384,8
966256,5
994632,9
969541,7
947654,8
985386,5
994305,9
991206,0
931447,3
953299,5
987687,3
983124,1
975266,1
929136,9
970880,5
922184,5
997508,2
934323,4
960781,9
900733,5
991753,3
925829,7
950221,2
986192,5
956453,1
947914,9
913374,6
930593,7
903385,2
956453,2
940536,0
916267,9
907176,6
934370,5
951491,5
984102,0
957964,3
958304,7
959389,8
907142,4
901275,1
988287,5
904207,1
988287,5
914363,8
936316,10
992888,0
910718,7
955421,10
988598,6
988331,2
914820,9
938656,3
912535,9
973453,10
939036,1
997902,3
961199,9
961411,9
975902,2
973988,3
916086,5
977264,10
989138,9
903742,8
967977,3
984618,0
923297,7
940161,0
921531,8
990168,4
980075,5
967956,9
996120,4
961411,5
965656,9
988598,7
919658,1
923560,4
931901,2
996489,3
977458,5
956225,9
937055,8
904207,10
921010,4
904207,6
953554,6
989985,8
981846,10
916295,7
987104,7
994252,3
928011,10
938887,0
972710,3
992888,7
921972,0
923411,8
902406,5
937762,10
901337,2
915379,0
996325,10
992045,4
984102,5
972796,4
975188,0
918533,8
976615,2
999085,1
904762,10
921531,5
999549,8
983640,5
938310,1
997329,8
902104,1
987418,6
916333,1
977306,3
931343,5
907071,10
998789,8
923238,0
975266,1
904885,6
947628,1
955196,6
951716,0
975178,5
920746,5
952873,6
955421,1
968242,2
976926,7
905858,5
972872,1
923315,9
954980,7
916086,1
977226,2
945100,2
999455,5
933756,4
965931,4
954636,0
994605,10
910845,4
935624,9
922764,10
948116,0
913092,8
905819,4
902277,2
912560,10
994610,10
926976,8
906766,1
979307,7
913041,3
982788,6
958387,9
937638,8
999455,3
999085,8
999395,1
935613,10
928254,0
998606,3
927900,0
951582,0
920516,5
920468,9
983101,10
986701,2
941378,1
952873,5
904789,2
968370,2
910598,4
984021,4
985257,4
902277,7
958247,10
963927,10
997387,6
913334,7
943284,2
933914,2
935624,10
905819,10
975719,9
931821,10
935878,1
928011,9
918256,8
991206,4
938155,9
996120,6
908470,7
975510,8
986508,2
985441,6
938656,8
907071,0
907242,8
959793,8
984102,3
925517,8
914456,2
943078,3
905173,0
928254,9
985865,10
971975,2
945120,6
963124,6
913334,0
978852,7
977552,3
932551,3
935368,2
915396,3
924743,10
900398,9
921764,7
972796,5
922560,2
951209,8
920126,6
940741,6
931343,2
920957,5
943774,2
955091,2
928739,5
998266,6
916692,3
923297,5
958247,3
992384,6
925035,4
975178,7
948116,0
987554,5
999642,0
920703,9
935368,7
924743,7
909878,5
948114,0
983942,7
994689,8
937645,7
913621,8
984924,4
920675,2
955545,9
972435,7
959390,1
994400,10
920402,1
947628,0
964735,5
915613,3
934323,5
994605,10
978305,8
933924,3
983301,0
922635,9
914499,0
909211,5
905272,2
943078,4
918261,4
991738,10
922560,3
910870,8
908403,3
997625,3
944486,7
994400,1
951562,3
934759,6
921010,6
906287,6
915023,4
902104,10
995267,1
957497,6
931901,10
946898,9
992384,9
999642,4
971679,5
933914,8
955166,9
959764,3
935946,7
925802,6
908403,5
922184,3
933321,10
985787,3
997307,2
974591,6
927108,7
904941,3
942503,7
992384,10
902406,8
952781,7
979214,1
996193,9
989985,7
977329,8
968593,10
965931,7
934266,3
975266,0
910699,9
955044,0
978777,1
985823,8
950045,4
926197,10
923766,0
944795,5
920378,7
958505,7
979965,2
909085,9
979965,7
938058,5
973799,0
931806,1
987026,2
977458,6
997728,6
913761,3
995033,9
905272,5
915364,8
987554,10
909878,6
909211,9
977552,10
935946,2
930125,5
951716,4
943410,7
939549,0
911122,0
928254,0
911488,8
903765,1
910699,0
901146,5
963124,5
912618,9
993687,6
994465,4
928047,5
928330,5
972353,3
997307,0
992384,7
969015,3
972465,0
921764,10
957964,0
969278,3
900628,0
970914,2
977542,8
923364,0
986593,2
980988,10
909244,3
915458,7
986508,8
904522,4
981880,0
985808,4
961838,1
983971,2
948841,0
959764,7
920746,5
962196,8
912618,6
963827,8
994581,3
988735,8
976545,6
908339,6
983301,3
964418,5
966682,8
979965,1
966482,6
996766,1
900962,4
930187,5
970581,6
919486,8
907071,10
922184,6
944320,5
972710,1
902997,6
967120,3
985823,0
948583,6
963321,2
937055,10
925105,1
998266,4
906412,5
997625,7
987649,0
904941,9
936020,3
966256,8
948583,3
923238,9
990812,1
962633,9
918256,4
998738,8
969278,7
931265,7
963124,1
950221,1
953114,3
951491,2
979214,2
920746,5
931240,9
936621,1
916977,1
970914,4
987026,2
985439,1
977264,10
923238,9
922529,3
925105,4
969448,3
906844,8
969541,8
973354,7
968087,0
947701,8
925101,8
917634,10
948376,10
916954,5
939670,1
972585,6
989985,6
927745,6
906335,3
932461,8
904522,5
940216,8
916954,6
926763,2
932331,2
920746,5
928254,4
929476,6
910870,10
937762,6
970196,9
947913,9
952936,1
910281,7
925394,9
987026,10
974065,0
986701,5
997508,3
971508,10
947701,6
922024,4
984516,7
955091,10
985369,4
980407,10
940100,1
967074,8
968758,4
965656,8
929816,2
904829,3
939670,5
969092,3
942131,9
933902,7
968758,3
908436,9
951959,9
951716,9
945940,4
944085,0
934370,9
974480,2
929836,8
952936,0
929746,0
975188,1
918505,5
973868,8
904207,4
965545,1
937645,4
910699,4
946898,7
991958,9
905959,10
994581,7
973354,7
915603,3
930494,5
918533,3
915110,7
948583,4
956277,4
936595,6
915613,9
958247,8
933924,0
911073,8
985585,5
931002,3
983244,8
905819,8
960567,2
991753,1
919911,10
975510,6
920419,10
959703,1
973354,4
997012,1
983942,8
995074,5
987649,10
933914,1
984336,8
924743,10
904522,9
915603,3
931343,2
930125,4
920747,5
997902,4
909927,8
920746,0
914820,0
907142,7
906844,7
952127,7
903307,3
922085,6
997802,6
966072,9
999443,7
904051,10
938887,5
944307,9
985441,8
940002,6
966256,7
963754,5
966969,5
915364,10
903046,9
921055,10
973354,7
968087,9
957612,6
944411,9
988220,3
930653,6
960761,2
974065,3
992481,1
942167,4
903307,7
974530,4
993507,5
944320,0
998182,7
901868,9
905890,7
902690,3
920196,4
930554,3
931901,4
967977,10
933884,2
920196,4
902078,3
944320,4
933756,2
909211,8
991468,3
994142,4
931773,6
994794,5
900789,5
975719,6
993507,5
913412,3
990168,10
919648,6
948116,6
949871,8
952726,8
904762,0
928081,5
987547,5
948793,9
965895,7
902997,7
906287,7
977264,1
931399,3
969060,8
926328,7
904679,8
913389,8
929909,3
906580,4
972353,1
910444,9
977226,9
903314,0
962912,6
951027,3
965895,6
954279,2
939003,2
985441,3
972435,8
933658,7
971846,10
981219,7
965289,6
980640,0
933924,1
932331,0
964810,5
994632,2
983942,0
908532,1
955493,6
909085,5
900459,9
978777,8
951209,9
978775,0
927108,4
920419,0
985745,10
980961,0
965655,0
944795,8
902997,5
913412,4
933321,2
900933,9
909776,6
980013,5
912916,10
902277,4
956245,4
947701,3
979842,1
987687,4
959703,5
911797,9
984200,3
991628,0
992481,3
994655,10
982049,7
929242,1
953863,7
969092,10
981728,9
932677,6
979842,0
988243,3
987733,5
958304,6
935872,10
969060,5
922085,3
917078,1
927410,6
936316,2
958505,0
931386,10
975178,10
904165,7
985369,9
958387,6
996946,8
988243,10
905819,0
914456,8
986833,8
965219,7
999007,2
915110,2
954636,7
911959,2
986969,5
908339,7
998606,0
923160,2
956453,1
985257,5
961838,9
902406,9
935878,5
954279,6
997115,5
971038,2
978852,3
979307,0
980075,7
996774,0
945120,2
971975,7
937368,7
930653,10
908470,9
917770,7
934370,10
977552,0
934122,8
986833,7
973270,9
925517,8
923649,9
975510,7
908341,0
987993,6
950221,10
979375,4
982202,3
904762,8
974530,2
977306,2
980491,1
981534,8
941239,2
925802,9
945668,9
911648,10
928452,5
904885,0
934331,8
912618,4
925394,5
968932,2
912916,8
904303,7
999642,6
913502,0
922764,5
905539,8
959764,0
992026,0
931265,10
956892,5
975178,3
916954,1
901618,10
986596,6
959764,7
938862,10
918256,6
978305,9
957497,6
987266,6
961199,4
997368,9
999443,4
996193,10
981589,10
968593,1
972411,10
905819,1
916776,1
942167,9
915613,8
970581,10
933321,5
961729,10
912560,2
904915,6
958387,8
912618,4
902205,4
940216,9
958506,9
948645,8
988111,0
970196,9
918256,8
956342,0
939236,2
924743,6
956453,5
994054,4
948376,1
912430,10
994465,2
948793,4
930665,3
951148,5
908485,5
915364,2
940932,9
936595,9
925035,8
965545,8
966936,9
990046,6
951027,5
974530,10
910718,3
920957,2
951571,7
904051,9
981105,2
979214,9
934323,7
944320,0
902169,0
964810,4
990784,2
966578,8
928011,2
913918,1
972601,0
951959,2
904915,5
981846,6
940536,4
915303,0
982532,0
929242,0
914820,0
939549,4
997012,6
996946,5
968758,2
995964,10
926259,7
930187,8
970880,0
951491,6
952936,0
996193,4
919662,10
964735,9
905173,8
957309,10
911488,3
928936,7
984445,2
970869,0
940002,0
991120,6
973799,9
971038,0
999007,5
913334,4
933947,10
960751,0
979842,0
970880,10
998182,9
907242,5
910281,10
928739,3
980013,6
922585,10
938065,1
915110,2
940161,6
930653,6
956105,1
940100,9
940932,0
988243,9
958107,10
997688,2
901337,9
941378,3
983971,2
980988,0
984102,0
920297,10
920516,2
941239,3
947823,7
900789,1
929836,8
908436,7
962633,7
987547,0
937645,8
999719,6
968932,10
928330,3
949871,6
917853,9
920746,1
912535,1
990746,0
972481,0
905273,5
983301,1
951529,0
952191,8
973988,8
939036,5
983928,6
968593,6
956245,0
906712,2
970869,2
912535,5
920919,4
973270,9
979965,10
958708,9
999007,6
968087,5
994054,7
981622,1
905236,0
982788,9
989008,9
933914,7
976615,5
919240,7
952967,9
936448,0
965799,9
978775,6
909878,0
944772,7
917853,10
937055,1
923649,6
984516,1
971508,2
986701,3
998789,6
936714,3
900045,3
960710,7
911959,7
992481,0
922635,8
934759,9
915077,7
969092,2
905293,5
951209,8
994581,3
936352,10
930191,9
909776,3
991666,6
991120,9
954963,8
944795,1
938887,4
937286,10
964929,3
955091,4
925394,6
944687,5
997387,2
992078,3
951562,3
912148,8
972585,9
994632,3
987266,8
945584,2
976384,0
952873,1
998266,0
968932,8
970367,7
979375,8
940536,10
965289,7
996061,7
974750,10
948839,5
927108,9
954546,7
939036,7
966072,3
913502,9
994689,4
926545,2
936352,5
969700,2
986192,10
911639,9
941378,6
970222,2
925326,2
904303,9
992257,5
919662,10
925101,10
919486,8
958650,0
977306,10
973799,5
921531,1
931821,4
906119,0
916776,5
911797,2
958315,5
962141,9
992917,6
925829,1
958253,4
932551,5
944687,8
912618,7
933902,3
923411,2
980491,5
979343,6
986969,6
916977,3
922085,7
934370,10
931677,8
932331,1
947701,4
942503,3
921976,9
961018,9
904522,1
985506,6
947529,6
940216,7
910845,0
910870,1
907642,2
919486,3
910870,7
900962,6
909834,3
926259,7
975810,2
984102,0
987554,4
906766,3
989985,7
916295,5
912148,5
923036,8
987266,1
982049,7
999572,4
999455,3
951027,0
966969,6
956865,10
919536,8
911122,1
969700,0
913502,5
994305,9
955166,1
903314,4
910505,0
979965,4
965545,6
984516,0
910598,0
962633,6
965655,0
944320,1
903765,2
955552,9
997175,8
902767,0
913389,9
961838,0
912074,8
915162,10
985060,6
983101,9
983961,8
907242,4
996774,5
997387,0
956225,6
903090,6
988331,3
980244,2
991367,6
908341,5
977542,2
902104,10
959389,4
919240,7
997508,8
927410,1
917078,4
935771,10
933756,6
925802,3
946898,3
925394,3
963231,4
971634,10
941941,10
976615,7
945473,10
924848,2
913092,3
931382,5
965799,6
915458,9
914027,5
970844,0
990168,5
955196,5
985787,4
992078,9
990784,4
998266,0
923315,2
935878,6
944119,6
948793,0
932551,7
997307,2
972481,4
914027,1
968909,1
988890,4
950759,1
911639,8
994655,8
903234,8
978734,5
906580,2
902997,7
999395,6
984826,2
927900,4
938887,10
942094,10
932901,1
991468,8
970914,7
900718,5
990168,7
985060,2
927900,8
960567,0
991082,9
935946,10
956865,5
954279,6
968796,7
904366,10
938469,5
947408,1
994822,6
955493,8
946262,4
915303,1
976384,4
913918,8
915110,8
956277,6
992026,3
980779,7
990935,9
965368,8
992384,10
969092,10
933924,9
990812,0
937286,6
929816,0
925101,10
993507,8
963754,5
990784,3
923315,4
994794,5
916638,2
965219,5
947408,5
936316,9
965219,10
942691,0
967977,6
972585,4
991958,8
915077,9
931677,2
954980,4
991367,1
919137,3
942167,8
967977,8
959764,8
908201,0
981942,1
955196,8
937055,7
996946,4
915379,4
964810,2
903044,0
971386,3
976227,0
987554,1
999572,2
931267,4
987418,10
967120,6
938887,0
934323,6
952191,2
950494,6
914363,4
981219,2
916086,1
944307,1
958203,7
955196,3
956892,10
986433,10
931145,9
901426,5
929909,5
973799,8
986593,4
921764,5
907645,3
911746,8
977470,3
916333,8
904789,7
973799,6
952781,10
944575,8
994142,3
960483,4
931773,0
954546,6
996120,8
946838,9
999642,8
964298,7
997115,1
964711,0
984102,10
996489,5
950759,8
980013,7
951580,7
918505,4
929136,3
997115,7
986969,0
966267,9
964913,6
908209,6
905272,4
919486,2
946960,1
907642,1
906119,1
983124,5
967074,4
972872,3
950045,5
970367,5
954793,4
989008,5
999572,1
916977,8
937743,8
901146,4
966482,1
960483,3
990812,6
912535,2
954539,8
936448,0
905173,6
953554,7
945100,9
995600,3
971975,0
903234,3
926328,6
920919,7
958253,0
961199,5
950221,0
984200,2
955691,3
923036,7
992045,0
966267,0
985506,2
932461,6
974480,8
928452,9
920516,1
977719,6
991367,2
967966,7
925105,9
929476,8
930191,10
943774,5
931386,6
966936,7
951716,7
918533,5
948841,7
912916,5
927108,4
984021,3
984445,4
982435,2
979065,6
933902,2
938310,2
960710,6
931806,0
951491,4
988331,1
912148,2
902078,7
970196,8
919911,8
994400,8
917770,7
997368,9
963726,0
929879,2
990168,7
902347,0
945940,3
965335,8
972710,6
916333,7
930653,3
996766,6
931447,5
980169,7
990935,1
959017,10
938431,5
992354,7
903046,6
981846,8
912148,3
922635,4
955091,4
992888,4
983124,9
944575,5
965895,3
925829,5
991199,3
913412,6
993833,8
979965,7
910444,10
916692,7
935624,9
966936,10
951580,3
932901,4
963124,5
984924,10
939036,1
904679,8
951419,8
966682,7
909834,8
907212,9
982903,4
986903,10
934331,5
986833,0
969448,4
962196,2
947701,3
930190,0
974065,4
931399,9
903520,0
908201,9
953224,6
912209,6
931265,0
930494,4
941378,7
940536,5
984841,9
939003,9
922529,6
970986,5
955421,2
954793,2
907212,2
952726,9
996489,4
956453,5
904762,10
918261,5
994142,0
962141,2
944920,0
936714,4
946898,1
907212,0
905273,3
923160,5
900488,5
914499,3
946898,10
903090,6
936189,2
944687,2
983942,8
984516,5
925326,5
992917,10
974065,4
942131,7
924743,8
994655,0
980779,9
910871,5
904679,0
921531,7
927410,5
962912,0
970843,4
925313,6
953224,4
997902,7
910281,10
924848,2
985441,3
979375,0
928254,2
938155,6
933756,7
934323,1
981942,5
938146,9
971038,6
994655,8
950221,3
945668,2
979187,0
944687,5
921723,2
919486,2
908209,9
905771,7
938656,2
907176,0
920747,5
916333,7
998266,8
931806,0
927410,8
969015,4
913761,9
920747,6
991206,5
963754,1
947914,7
917303,9
923411,10
908485,9
930618,2
988220,1
903083,10
928567,8
925105,8
900789,10
912916,5
945791,8
956245,2
974591,10
919050,4
963827,2
944119,0
997387,8
965335,2
993687,10
933902,7
935810,1
937645,0
946898,4
948116,0
955985,0
974530,2
994054,10
952191,5
910281,9
959389,0
929746,1
998491,4
970022,9
935872,3
996489,8
933658,7
979065,4
968450,2
959659,8
931240,10
921531,0
979375,0
992214,9
923387,1
988220,3
964418,1
994610,3
961891,4
915770,0
922361,3
965311,9
951148,6
996325,1
973799,8
926259,0
919138,3
968796,5
954963,2
997175,5
929568,0
955945,3
968932,5
971038,5
964898,7
944119,9
942131,9
938572,8
940932,9
938887,8
965656,8
913615,2
945791,7
915077,7
965779,5
915010,4
903858,5
915700,7
995074,9
920915,2
969448,2
903440,2
973270,7
994610,4
987687,3
920746,8
975510,0
988287,7
980244,10
920196,8
919662,9
929909,0
992917,6
982478,0
917770,1
940100,3
922024,6
911797,4
908403,7
969278,4
976322,2
983961,8
999395,9
977719,7
971963,1
931901,4
931806,10
921976,2
984021,5
929746,7
953224,0
936020,7
904762,5
966482,7
974480,4
958505,3
955552,7
924982,8
991666,8
943284,4
902406,6
994655,7
919942,9
971679,0
972732,3
956865,10
947628,10
948841,7
925035,3
903314,5
931002,9
986903,3
938656,10
928254,1
948841,0
979148,5
903090,4
964405,6
935810,7
990935,1
909244,9
994689,3
992888,4
948583,9
911073,0
996893,4
974065,4
939227,10
995267,1
913092,7
921791,2
907904,9
928452,6
989777,0
994054,9
995033,10
996325,10
985808,4
916776,8
975188,8
902767,0
928330,4
961729,4
965656,7
961729,8
911488,6
983244,4
986596,4
905668,5
983942,2
901552,4
944085,1
952191,0
914363,7
929242,9
942503,4
967956,2
963754,6
903765,2
950221,3
902767,1
929816,4
908403,2
905892,0
985823,2
939592,7
964560,8
929836,7
991666,10
934713,0
956277,7
970880,9
954539,0
987266,3
973868,4
987026,2
926763,1
965311,8
908532,5
987687,5
989138,10
919911,3
934323,6
999455,2
933862,8
958315,2
911122,1
958304,9
973799,4
933884,7
931399,8
963827,10
905170,7
954546,7
978655,2
913334,1
990945,8
907212,1
970222,9
945940,5
921976,0
956245,9
967956,0
985257,8
962633,8
996774,7
994794,6
986903,0
957964,7
992078,3
935624,7
924848,5
918256,2
985752,7
970625,9
951716,6
981105,1
933004,3
998182,8
954546,4
980961,4
920419,4
914485,3
971616,4
988243,3
929476,7
986433,8
921791,9
979187,0
900459,3
918223,9
912535,9
932331,6
919137,8
975547,6
932331,2
981942,9
908339,4
931821,7
918505,8
945100,2
975810,3
921553,2
934565,2
965931,5
910845,8
974750,8
951959,0
931399,5
994142,5
919662,2
961199,6
944920,0
954793,4
928330,5
955166,2
959390,10
913761,1
977458,7
994605,4
930190,1
979842,7
996061,4
917634,3
984021,4
954980,0
933321,10
915023,1
941239,8
964402,3
902767,0
998789,10
938648,4
919536,1
982903,2
992214,6
935810,9
907142,6
979065,1
908201,3
905236,1
951716,4
962912,6
926420,9
902277,9
954539,0
921910,3
933947,9
974480,0
988243,8
921723,1
960751,5
974851,6
961729,2
977306,5
981487,9
955985,9
993900,6
997688,9
969448,4
925486,3
985439,1
970880,7
900459,9
905668,1
986701,5
990938,1
986593,0
973782,5
912560,3
997902,2
967956,2
905272,9
969279,10
913508,1
936448,2
929568,0
969565,1
994302,8
944307,9
979375,9
920671,3
975188,5
905272,7
947212,10
933658,9
996193,6
990408,4
927745,1
948538,7
916086,9
991738,1
939036,5
920297,7
906725,4
940225,0
973868,9
976575,7
953114,3
919648,2
965656,1
997802,7
969060,1
922165,2
908403,10
990784,8
974182,6
966482,3
997508,8
903234,9
994252,4
959017,1
970843,2
903520,2
983581,1
950607,5
939003,2
996325,6
902277,5
915770,0
985506,4
936448,7
919240,10
980075,3
920957,9
985823,0
906412,0
910507,9
930593,3
932901,1
945100,0
919662,3
994689,1
967021,9
906287,2
979343,2
930618,5
958387,6
946262,2
942503,0
989985,6
999395,2
910598,10
915010,0
914887,2
933004,1
992384,7
900628,10
913389,7
996893,3
910444,4
944687,6
939549,9
930190,2
980244,8
939227,4
936595,5
990046,3
924225,5
992399,6
929836,0
908201,5
937055,10
972465,4
954980,6
903385,10
965219,9
981534,6
953114,7
931901,2
999719,4
904789,5
934565,2
925573,5
980075,10
970880,8
923364,10
939592,1
905273,10
920468,0
991120,9
940932,1
933756,7
913621,1
966936,1
940100,1
953299,4
939003,8
958643,9
933884,2
925573,9
939549,10
989957,4
921972,0
913334,8
992384,0
923766,2
963231,4
952781,7
942167,0
928567,7
967120,5
915770,2
923238,2
997902,2
988890,8
956093,9
977458,9
983971,3
997902,1
985439,10
936139,8
931399,7
914456,4
961729,10
964418,5
944058,6
957964,8
987687,2
911073,8
972411,8
982049,2
987104,3
925394,10
942094,4
983942,9
917078,7
931386,8
908470,8
994037,8
924982,5
931267,3
902347,10
922024,2
948841,1
922764,4
984144,10
977264,7
912618,9
958315,3
927900,8
909211,10
910281,0
977329,1
997688,9
913621,6
905959,9
925934,9
900962,4
948839,5
964560,3
922988,8
926197,4
927745,8
953224,0
925802,4
997728,4
979089,7
984841,7
913374,7
980169,0
957849,10
903314,5
931386,1
942167,4
927745,2
915162,3
976545,10
909338,4
929746,10
922024,4
902406,10
969541,6
961729,2
965931,5
930665,8
964405,10
929909,8
954546,8
908470,6
907242,0
933914,1
981534,4
926763,9
997387,8
946855,3
925394,3
975510,4
907242,2
976926,2
938656,4
977470,3
988243,4
964711,2
982202,6
982049,7
981487,5
912148,9
955985,1
930618,3
985060,2
984841,9
911993,5
972481,10
930124,7
999007,9
932677,1
954279,3
951562,7
984200,3
931382,10
972302,4
919942,10
983581,4
912074,2
976322,5
925105,1
956865,0
996325,1
971963,10
922764,6
969754,5
925934,4
971038,1
985441,1
920297,4
909496,1
974182,9
974182,6
908341,0
992399,0
910444,6
995600,7
980961,7
936020,7
979187,10
944307,7
910505,6
966969,0
999572,3
968579,1
906712,3
965931,0
990935,8
915613,6
931267,8
918608,7
989430,10
996120,3
990784,4
991082,5
920957,10
970844,4
904941,8
999007,7
944999,1
931145,9
959390,0
961891,3
966969,7
910871,5
911993,4
926756,3
984930,8
973988,6
934759,8
941496,5
990945,10
972710,4
915770,5
959703,10
985823,3
951148,1
974008,0
941378,0
979065,2
926420,6
990945,10
940479,9
999101,1
959793,1
925354,7
981105,8
950494,0
968370,7
919240,6
906107,2
913092,7
980013,8
962633,0
998606,5
939592,0
994465,7
991666,2
982377,5
965311,3
961018,0
906580,2
992481,5
964478,1
997953,3
948538,2
931267,5
945940,2
925802,5
964418,7
986433,8
923387,10
975266,0
929476,1
903083,3
915770,7
963827,9
975902,6
936352,1
991468,10
965195,2
906287,9
923315,4
940225,2
983350,1
950759,10
979089,10
985441,0
923238,0
957849,8
944085,7
922024,0
987026,2
983942,6
956093,3
983244,7
970986,9
964478,2
990408,4
919658,0
941378,6
919716,2
953299,4
997012,3
970625,2
900789,1
996325,1
999101,6
956105,7
919648,6
910281,3
987649,1
917604,3
950759,10
975178,3
990046,6
903456,4
956245,3
999085,2
920516,0
994054,10
992384,9
959389,6
959703,10
972465,1
994610,8
925517,7
900933,6
938058,8
992888,1
903765,1
906287,3
989985,7
965289,3
987026,5
981589,5
904424,8
984200,1
934759,5
928567,9
921791,6
919911,5
911122,0
967120,0
933862,9
936621,8
911993,10
944307,0
938887,7
902277,3
996946,10
931265,6
930125,10
904051,0
987554,9
934758,3
936352,1
951580,5
930665,1
921791,0
934565,4
938469,7
946838,1
953554,9
957612,7
986701,7
988828,2
987266,9
921055,1
981942,0
984826,6
977552,4
931267,8
920419,0
978493,1
908175,9
991497,9
984841,3
925035,4
964711,9
992384,8
904051,8
995600,8
939227,6
969060,9
948113,1
925354,3
918505,10
955166,1
960781,4
923238,9
944772,7
984200,6
931240,0
902791,7
931399,6
914887,9
972872,2
998789,7
930653,4
950494,6
921010,1
925237,3
984021,2
983640,2
911122,5
956865,8
991206,0
920919,10
919138,0
924743,1
955166,3
977719,10
990938,10
905173,0
912916,1
978493,6
924982,10
934713,6
900459,5
997902,8
977264,2
944320,4
952726,2
926259,2
997688,6
994037,4
962633,3
915364,2
940225,3
901868,0
948113,5
909085,0
954980,6
932551,6
913615,1
997175,8
910871,6
948839,10
972601,2
933914,5
903742,10
911639,0
989008,0
964913,10
992888,1
953863,6
964711,7
970196,1
928739,7
992214,5
954727,9
945791,2
987649,7
907202,5
976615,0
923649,6
917303,4
911488,2
922344,8
917078,8
938155,5
972465,3
920747,0
944486,1
989430,9
900488,3
932571,5
930653,6
946898,10
987104,10
989138,8
958643,3
914027,0
904941,9
954980,4
930665,5
916638,10
957859,8
919137,1
955691,4
930138,2
954636,9
999395,5
982435,4
977264,2
911746,5
943017,4
906712,1
981846,6
978305,5
937559,6
912074,2
959659,2
968796,7
937055,2
968579,3
984618,3
952781,8
924848,3
978775,8
997175,8
988426,8
983971,7
939670,7
917853,9
934758,0
994581,8
994655,9
941475,5
922463,6
991199,1
967956,9
991628,7
977329,0
936352,0
925035,0
944058,0
944687,5
988243,10
955985,0
907804,3
925354,2
959764,3
929909,3
978852,8
960751,9
922184,9
970222,8
982202,6
977542,5
907212,5
985745,6
972793,9
966267,1
942503,2
963582,5
980961,8
960781,10
931343,3
959017,0
954980,1
970581,8
969565,3
958107,3
971679,9
994581,6
989957,7
966267,9
990826,1
990168,2
904522,1
963927,1
938431,0
903090,0
974750,7
998491,6
923364,8
915770,3
926756,1
981534,8
937286,3
937055,7
900789,8
937055,2
916333,7
972302,1
920419,2
984021,10
984445,10
923315,4
931821,4
901146,0
942094,7
920746,6
985441,5
931343,6
951580,8
941475,1
997387,9
972710,4
972411,0
966578,4
940536,4
948841,10
922463,2
988331,1
971963,2
941239,2
928936,0
913621,2
904727,7
924743,5
910871,1
982377,8
948376,2
965799,8
955545,9
983971,10
978852,10
939549,0
940225,4
959389,7
946855,5
974750,6
911993,5
931901,6
912560,10
991367,9
936352,7
938310,8
914027,6
992078,10
933914,2
908532,2
906844,1
992214,1
972710,4
935624,10
940932,1
903307,8
988735,4
999395,8
948113,0
901989,8
922165,8
980640,9
910871,1
908209,3
944085,0
926197,1
930138,4
951148,9
934323,6
986508,7
910871,6
976234,1
909878,1
975178,1
984924,6
939670,1
999719,4
975547,5
914887,8
979214,5
900045,5
907176,6
937286,9
945100,4
933902,6
944411,8
994655,10
975552,0
951529,1
955166,10
933924,6
944795,1
954636,6
915770,3
918261,9
903742,2
947408,6
988828,3
939670,6
994610,9
933658,10
919658,5
947529,1
994794,9
938648,8
920468,9
999101,0
991497,3
909766,2
947823,6
955691,0
926756,5
972353,7
919240,3
965895,2
934759,6
987104,1
990611,0
988287,7
983581,10
928452,0
930618,2
905236,9
932551,9
996332,6
912535,1
932901,4
988426,8
933947,8
958506,3
947823,7
991083,6
985865,1
939670,9
967074,9
900933,8
964898,10
931806,5
905819,8
925573,2
909244,1
966578,9
930125,10
904885,7
922184,5
998266,0
993687,0
904424,10
936448,3
930471,7
971975,3
917604,7
955493,0
974182,10
925035,5
918608,9
983301,7
988890,7
958203,5
936189,0
916776,1
975719,0
990784,10
902997,9
966076,3
922560,3
981942,2
915110,6
920196,5
955421,7
916267,5
915458,4
959659,3
909776,2
987733,3
990784,9
976322,6
985013,3
951491,2
982377,7
934357,7
945100,9
982202,3
952191,9
936189,5
944795,10
946855,1
983101,9
951716,3
937762,9
979343,1
983971,6
948839,2
962173,5
908209,10
922560,2
944920,10
972710,1
999719,10
931265,0
989008,0
997688,8
944772,5
974750,4
968579,10
942691,9
970843,6
954296,5
993833,9
905959,1
935878,8
925326,10
995074,7
958643,7
915077,7
998491,6
935771,9
959703,4
986593,6
978274,7
985060,2
979065,0
940536,4
956071,6
959017,1
902347,3
911797,6
993833,8
964560,6
917604,2
965931,5
926545,10
985823,1
915077,6
933914,9
956342,3
912535,1
923160,5
913508,3
928936,9
983971,0
988828,2
971634,4
994037,1
926197,8
946262,6
955552,8
954539,4
934713,9
997625,6
964810,5
938310,10
928011,3
954793,3
932437,2
901275,0
984826,4
927900,6
982903,9
954727,3
966072,8
924848,4
934323,10
958203,8
968450,4
947628,5
903385,4
966969,1
916977,9
945584,4
997175,5
979148,3
970222,6
910699,6
946838,1
939036,3
986508,1
965219,8
998491,4
909776,3
902277,1
926420,3
955545,6
987993,2
926763,4
979343,5
981487,3
955421,2
997508,0
911648,1
933914,4
997012,2
969448,1
971679,4
984841,2
929836,10
917303,3
984826,3
934758,5
906107,4
994605,5
996325,0
963754,6
933585,4
901868,1
920196,9
910444,9
990826,5
951419,10
931677,0
905892,5
996489,10
907142,8
999719,8
965545,10
906772,2
987649,2
996766,6
974065,1
961838,2
991666,9
910281,3
901275,7
956093,9
976926,6
970581,5
991199,4
910444,4
915077,3
995074,9
947914,1
909496,4
934370,2
935872,3
985369,7
903314,10
944411,0
987649,4
970196,6
907176,6
977552,2
946855,6
998491,3
966072,6
992481,1
975810,7
920671,8
928081,9
902791,5
